Unnamed: 0,week_of_outbreak,state_ut,district,disease,cases,deaths,day,mon,year,Latitude,Longitude,rainfall,lai,temp_kelvin,temp_c,humidity,population,pop_density,urban_percent
1,2nd week,Maharashtra,Gadchiroli,Malaria,7,2.0,10,1,2022,19.75907035,80.16228073,0.007479298714,9.0,299.97,26.82000000000005,20.016900899479204,1072942,77,14.2
7,6th week,Maharashtra,Gadchiroli,Malaria,1,1.0,9,2,2022,19.75907035,80.16228073,8.36e-05,,300.06333340000003,26.913333400000056,19.842656496778467,1072942,77,14.2
37,12th week,Maharashtra,Raigad,Dengue,11,,21,3,2022,18.4928092,73.13807095,0.0001800343472,,312.184,39.03400000000005,9.1852040379017,2635394,368,36.9
91,19th week,Maharashtra,Jalgaon,Dengue,9,1.0,6,5,2022,20.84288265,75.52612464,0.0001810070481,4.0,319.8166666,46.66666660000004,2.4732128390355017,4224442,359,38.1
105,20th week,Maharashtra,Pune,Dengue,21,,16,5,2022,18.521428,73.8544541,0.008698042455,,309.265,36.11500000000001,11.858265849207356,9429408,603,61.3
108,20th week,Maharashtra,Pune,Dengue,12,,23,4,2022,18.521428,73.8544541,0.01502899002,,314.96,41.81,6.92910451599384,9429408,603,61.3
115,21st week,Maharashtra,Chandrapur,Malaria,13,1.0,25,5,2022,20.0967555,79.50454752,0.006072435084,,314.545,41.39500000000004,7.18242540837273,2204307,192,32.4
134,22nd week,Maharashtra,Gadchiroli,Malaria,310,1.0,29,5,2022,19.75907035,80.16228073,0.00876199396,10.0,311.0866666,37.936666600000024,10.257128304486653,1072942,77,14.2
158,23rd week,Maharashtra,Chandrapur,Malaria,3,1.0,4,6,2022,20.0967555,79.50454752,0.006238415131,6.0,311.32,38.170000000000016,10.020489775378657,2204307,192,32.4
183,24th week,Maharashtra,Gondia,Malaria,47,1.0,13,6,2022,21.455228,80.1962729,0.02882213092,7.0,311.61,38.460000000000036,10.046919910210013,1322331,253,20.2
194,3rd week,Maharashtra,Gadchiroli,Malaria,2,1.0,20,1,2021,19.75907035,80.16228073,2.27e-05,13.0,302.15000000000003,29.000000000000057,18.006927671275395,1072942,77,14.2
199,4th week,Maharashtra,Gadchiroli,Malaria,10,1.0,26,1,2021,19.75907035,80.16228073,7.83e-06,14.0,302.7,29.55000000000001,17.523084148727584,1072942,77,14.2
208,5th week,Maharashtra,Thane,Malaria,2,1.0,6,1,2021,19.1943294,72.9701779,0.02576509704,12.0,302.99,29.840000000000032,17.589064716275324,11060148,1157,72.1
220,7th week,Maharashtra,Satara,Dengue,19,,16,2,2021,17.63612885,74.29827808,5.4e-05,6.0,307.9866666,34.8366666,12.874678310613694,3003922,287,29.7
259,16th week,Maharashtra,Satara,Dengue,7,,15,4,2021,17.63612885,74.29827808,0.1527963029,,313.9833334,40.833333400000015,9.504891497072128,3003922,287,29.7
264,16th week,Maharashtra,Satara,Dengue,31,1.0,5,4,2021,17.63612885,74.29827808,7.5e-05,5.0,317.92,44.77000000000004,4.139779657466771,3003922,287,29.7
270,19th week,Maharashtra,Thane,Malaria,2,1.0,2,5,2021,19.1943294,72.9701779,0.1122390997,10.0,314.216,41.06600000000003,8.794844691626825,11060148,1157,72.1
276,20th week,Maharashtra,Thane,Dengue,2,1.0,29,4,2021,19.1943294,72.9701779,0.1043926176,9.0,315.4666666,42.31666660000002,7.597248397428531,11060148,1157,72.1
299,25th week,Maharashtra,Sindhudurg,Dengue,62,,25,6,2021,16.1357193,73.6522086,0.833671811,,298.11,24.960000000000036,31.948982277222537,849651,168,22.4
304,25th week,Maharashtra,Kolhapur,Dengue,5,3.0,15,6,2021,16.7028412,74.2405329,0.4365472546,7.0,305.93,32.78000000000003,20.12307090926394,3876001,504,35.6
315,26th week,Maharashtra,Pune,Dengue,6,,24,6,2021,18.521428,73.8544541,0.3569411311,10.0,301.40500000000003,28.255000000000052,23.11016629344527,9429408,603,61.3
323,27th week,Maharashtra,Amravati,Dengue,3,1.0,1,7,2021,20.9521098,77.7333168,0.2668179381,4.0,312.8466666,39.696666600000015,11.925448338653277,2888445,237,40.5
332,28th week,Maharashtra,Akola,Malaria,21,,16,7,2021,20.76181225,77.19211567,0.8712018327,5.0,302.98,29.83000000000004,28.13412720683639,1818617,321,43.2
333,28th week,Maharashtra,Amravati,Dengue,5,,12,7,2021,20.9521098,77.7333168,0.5008124671,,316.84000000000003,43.690000000000055,11.329957108787347,2888445,237,40.5
341,29th week,Maharashtra,Chandrapur,Dengue,58,1.0,3,7,2021,20.0967555,79.50454752,0.5816240733,,305.52,32.370000000000005,22.291638266811844,2204307,192,32.4
342,29th week,Maharashtra,Nagpur,Dengue,4,1.0,10,7,2021,21.1498134,79.0820556,0.5529516087,13.0,308.685,35.535000000000025,19.151074097951344,4653171,470,45.2
348,30th week,Maharashtra,Buldhana,Dengue,7,,1,7,2021,20.562845,76.40869861,0.4245402926,6.0,306.6533334,33.50333340000003,19.337350075553623,2586258,268,28.3
349,30th week,Maharashtra,Gadchiroli,Malaria,4,1.0,24,7,2021,19.75907035,80.16228073,1.087511221,9.0,,,17.609576433229666,1072942,77,14.2
351,30th week,Maharashtra,Osmanabad,Dengue,4,,23,7,2021,18.16984395,76.11796321,1.374420463,8.0,300.42,27.27000000000004,36.65670645438314,1660311,219,25.7
358,31st week,Maharashtra,Amravati,Dengue,13,2.0,11,7,2021,20.9521098,77.7333168,0.3639732419,,316.98,43.83000000000004,9.501483100365856,2888445,237,40.5
360,31st week,Maharashtra,Gadchiroli,Malaria,28,1.0,31,7,2021,19.75907035,80.16228073,0.4106211557,6.0,301.65000000000003,28.500000000000057,23.563706704169785,1072942,77,14.2
365,31st week,Maharashtra,Raigad,Dengue,18,,11,6,2021,18.4928092,73.13807095,1.136541734,7.0,302.40000000000003,29.250000000000057,31.950969489815478,2635394,368,36.9
367,31st week,Maharashtra,Satara,Dengue,16,,16,7,2021,17.63612885,74.29827808,1.489691674,5.0,303.64,30.49000000000001,35.261676801433644,3003922,287,29.7
368,31st week,Maharashtra,Wardha,Dengue,4,,7,6,2021,20.82562315,78.6131455,0.08542046896,5.0,312.90000000000003,39.75000000000006,9.617879259008753,1300774,187,31.8
378,33rd week,Maharashtra,Chandrapur,Malaria,7,3.0,7,8,2021,20.0967555,79.50454752,0.1193885184,11.0,297.56,24.410000000000025,23.530873637994436,2204307,192,32.4
379,33rd week,Maharashtra,Thane,Dengue,5,,17,8,2021,19.1943294,72.9701779,0.4410657126,4.0,298.92,25.77000000000004,26.343825930201024,11060148,1157,72.1
387,34th week,Maharashtra,Amravati,Dengue,22,3.0,18,8,2021,20.9521098,77.7333168,0.6170837983,17.0,304.7,31.55000000000001,23.454646065736316,2888445,237,40.5
389,34th week,Maharashtra,Satara,Dengue,15,,3,8,2021,17.63612885,74.29827808,0.111707267,8.0,302.32,29.170000000000016,19.249304001700565,3003922,287,29.7
392,35th week,Maharashtra,Akola,Dengue,3,,30,8,2021,20.76181225,77.19211567,0.1589494148,11.0,304.86,31.710000000000036,17.604438488445542,1818617,321,43.2
401,35th week,Maharashtra,Pune,Dengue,23,,7,6,2021,18.521428,73.8544541,1.023137245,8.0,304.635,31.485000000000014,28.572253180823648,9429408,603,61.3
409,36th week,Maharashtra,Jalgaon,Dengue,54,1.0,2,9,2021,20.84288265,75.52612464,0.8720325502,10.0,302.2666666,29.11666660000003,28.771770130953733,4224442,359,38.1
436,39th week,Maharashtra,Gadchiroli,Dengue,16,1.0,28,9,2021,19.75907035,80.16228073,0.6817132291,18.0,300.8,27.650000000000034,27.68966773272301,1072942,77,14.2
448,40th week,Maharashtra,Gadchiroli,Dengue,4,1.0,4,10,2021,19.75907035,80.16228073,0.3635032179,32.0,300.305,27.15500000000003,24.159262813970788,1072942,77,14.2
455,40th week,Maharashtra,Chandrapur,Dengue,7,,16,8,2021,20.0967555,79.50454752,0.03625636178,22.0,304.72,31.57000000000005,16.198487370052117,2204307,192,32.4
456,40th week,Maharashtra,Chandrapur,Malaria,9,,22,8,2021,20.0967555,79.50454752,0.8394995406,14.0,,,17.609576433229666,2204307,192,32.4
466,41st week,Maharashtra,Beed,Dengue,6,,13,10,2021,18.9918442,75.909784,0.2914203975,17.0,301.925,28.775000000000034,21.83633626517937,2585049,268,19.1
489,42nd week,Maharashtra,Thane,Dengue,5,1.0,1,10,2021,19.1943294,72.9701779,0.5969992657,29.0,299.39,26.24000000000001,27.87384238421732,11060148,1157,72.1
492,43rd week,Maharashtra,Gadchiroli,Malaria,10,1.0,25,10,2021,19.75907035,80.16228073,0.007116981315,28.0,301.528,28.378000000000043,18.642313725352675,1072942,77,14.2
500,44th week,Maharashtra,Gadchiroli,Malaria,1,1.0,1,11,2021,19.75907035,80.16228073,4.18e-05,,300.1733334,27.023333400000013,19.745403922629155,1072942,77,14.2
501,44th week,Maharashtra,Thane,Dengue,1,1.0,31,10,2021,19.1943294,72.9701779,0.0006784196466,,303.61333340000004,30.463333400000067,16.72827557781045,11060148,1157,72.1
513,45th week,Maharashtra,Satara,Dengue,14,,16,10,2021,17.63612885,74.29827808,0.08792806037,,304.776,31.626000000000033,16.79320153286427,3003922,287,29.7
518,46th week,Maharashtra,Raigad,Malaria,19,,11,11,2021,18.4928092,73.13807095,0.1463200544,21.0,302.16,29.010000000000048,19.821366981449522,2635394,368,36.9
523,47th week,Maharashtra,Thane,Dengue,1,1.0,1,11,2021,19.1943294,72.9701779,8.4e-05,,302.9566666,29.806666600000028,17.298326314879787,11060148,1157,72.1
534,48th week,Maharashtra,Sindhudurg,Malaria,4,,24,11,2021,16.1357193,73.6522086,0.312929701,,300.02,26.870000000000005,23.779612446824018,849651,168,22.4
549,50th week,Maharashtra,Satara,Dengue,13,,14,9,2021,17.63612885,74.29827808,0.6398437365,,300.14,26.99000000000001,27.748258364148526,3003922,287,29.7
565,4th week,Maharashtra,Kolhapur,Dengue,2,1.0,18,1,2020,16.7028412,74.2405329,6.03e-05,8.0,303.6533334,30.50333340000003,16.685397109750003,3876001,504,35.6
570,4th week,Maharashtra,Chandrapur,Malaria,23,1.0,16,1,2020,20.0967555,79.50454752,0.002697495648,,299.44,26.29000000000002,20.42337823690172,2204307,192,32.4
576,5th week,Maharashtra,Satara,Dengue,6,,18,1,2020,17.63612885,74.29827808,9.66e-05,8.0,304.48,31.33000000000004,15.958896619369867,3003922,287,29.7
577,5th week,Maharashtra,Thane,Dengue,6,,20,1,2020,19.1943294,72.9701779,0.0002913774879,11.0,301.43,28.28000000000003,18.64342862791345,11060148,1157,72.1
610,16th week,Maharashtra,Gadchiroli,Malaria,14,1.0,3,4,2020,19.75907035,80.16228073,0.03302828467,11.0,310.624,37.474000000000046,10.966406422590241,1072942,77,14.2
618,18th week,Maharashtra,Chandrapur,Malaria,35,2.0,7,4,2020,20.0967555,79.50454752,0.004322479902,8.0,313.0966666,39.946666600000015,8.434249895834899,2204307,192,32.4
627,21st week,Maharashtra,Chandrapur,Dengue,5,,23,5,2020,20.0967555,79.50454752,0.003793196938,,311.028,37.87800000000004,10.24679474282422,2204307,192,32.4
628,21st week,Maharashtra,Washim,Dengue,6,,22,4,2020,20.28741775,77.2369655,0.0002937726392,,321.2,48.05000000000001,1.2581444564111837,1197160,244,19.4
647,31st week,Maharashtra,Gadchiroli,Malaria,3,1.0,18,7,2020,19.75907035,80.16228073,0.6669874928,,,,17.609576433229666,1072942,77,14.2
648,31st week,Maharashtra,Gadchiroli,Malaria,2,1.0,19,7,2020,19.75907035,80.16228073,0.594522564,,300.64,27.49000000000001,26.743753257024828,1072942,77,14.2
649,31st week,Maharashtra,Gadchiroli,Malaria,5,1.0,26,7,2020,19.75907035,80.16228073,1.132628174,,,,17.609576433229666,1072942,77,14.2
656,36th week,Maharashtra,Wardha,Dengue,6,,7,8,2020,20.82562315,78.6131455,0.5529784197,4.0,302.74,29.590000000000032,24.379313736559396,1300774,187,31.8
658,40th week,Maharashtra,Amravati,Dengue,5,,24,9,2020,20.9521098,77.7333168,1.329761391,16.0,302.56,29.410000000000025,34.218271955956695,2888445,237,40.5
666,44th week,Maharashtra,Gadchiroli,Malaria,8,1.0,23,10,2020,19.75907035,80.16228073,0.06252674788,,302.28000000000003,29.130000000000052,18.671566145608313,1072942,77,14.2
681,48th week,Maharashtra,Osmanabad,Dengue,9,,11,11,2020,18.16984395,76.11796321,8.75e-05,7.0,307.676,34.52600000000001,13.148289350512322,1660311,219,25.7
683,48th week,Maharashtra,Pune,Dengue,16,1.0,18,11,2020,18.521428,73.8544541,0.001230150582,16.0,303.496,30.346000000000004,16.83833200900772,9429408,603,61.3
685,48th week,Maharashtra,Satara,Dengue,30,,4,11,2020,17.63612885,74.29827808,0.004428378293,10.0,305.744,32.59400000000005,14.901346982135241,3003922,287,29.7
687,48th week,Maharashtra,Wardha,Dengue,4,,22,10,2020,20.82562315,78.6131455,0.1725683766,,302.92,29.77000000000004,19.480159411121402,1300774,187,31.8
691,49th week,Maharashtra,Pune,Dengue,5,,1,6,2020,18.521428,73.8544541,0.03381872236,,315.49,42.34000000000003,6.697201218953562,9429408,603,61.3
692,49th week,Maharashtra,Satara,Dengue,27,,13,11,2020,17.63612885,74.29827808,0.0001970981421,9.0,305.1966666,32.04666660000004,15.32992784033968,3003922,287,29.7
725,2nd week,Maharashtra,Gadchiroli,Malaria,3,1.0,7,1,2019,19.75907035,80.16228073,4.79e-05,12.0,300.236,27.086000000000013,19.690372279856593,1072942,77,14.2
727,2nd week,Maharashtra,Nashik,Dengue,27,1.0,28,10,2018,20.0112475,73.7902364,0.002509383523,10.0,308.124,34.974000000000046,12.784510519881007,6107187,393,38.3
734,4th week,Maharashtra,Thane,Dengue,9,1.0,15,1,2019,19.1943294,72.9701779,5.55e-05,9.0,304.524,31.374000000000024,15.919691753574106,11060148,1157,72.1
760,9th week,Maharashtra,Kolhapur,Dengue,7,1.0,27,2,2019,16.7028412,74.2405329,0.0001514302351,5.0,312.42,39.27000000000004,8.977314219855872,3876001,504,35.6
854,23rd week,Maharashtra,Palghar,Dengue,8,,24,5,2019,19.684661,72.82491116,0.0002743511347,,314.75333340000003,41.603333400000054,6.926962771214448,2990116,551,36.5
855,23rd week,Maharashtra,Raigad,Dengue,24,,20,5,2019,18.4928092,73.13807095,0.0002675690383,9.0,315.3966666,42.246666600000026,6.3611448297968245,2635394,368,36.9
862,24th week,Maharashtra,Sangli,Malaria,7,,4,6,2019,17.1726928,74.58676543,0.009114818469,7.0,312.47,39.32000000000005,9.045051659927763,2822143,329,32.8
877,24th week,Maharashtra,Sangli,Dengue,12,,29,5,2019,17.1726928,74.58676543,0.002000857702,6.0,315.91,42.76000000000005,5.931331583980013,2822143,329,32.8
893,25th week,Maharashtra,Kolhapur,Dengue,7,,15,6,2019,16.7028412,74.2405329,0.3320778241,6.0,308.01,34.860000000000014,16.992011584245162,3876001,504,35.6
894,25th week,Maharashtra,Satara,Dengue,6,,28,6,2019,17.63612885,74.29827808,0.4617648517,2.0,307.295,34.14500000000004,19.23699388562517,3003922,287,29.7
903,26th week,Maharashtra,Raigad,Dengue,15,,26,6,2019,18.4928092,73.13807095,0.4788856141,,305.8066666,32.65666660000005,20.759170131933846,2635394,368,36.9
934,28th week,Maharashtra,Sindhudurg,Malaria,1,1.0,6,7,2019,16.1357193,73.6522086,1.898631753,5.0,,,17.609576433229666,849651,168,22.4
941,28th week,Maharashtra,Thane,Dengue,5,1.0,1,7,2019,19.1943294,72.9701779,2.685362899,5.0,307.59000000000003,34.440000000000055,46.68920308554455,11060148,1157,72.1
965,29th week,Maharashtra,Satara,Dengue,28,,3,6,2019,17.63612885,74.29827808,0.0004985160964,3.0,317.0733334,43.92333340000005,4.889598184317748,3003922,287,29.7
1040,34th week,Maharashtra,Kolhapur,Dengue,2,1.0,18,8,2019,16.7028412,74.2405329,0.1677742586,6.0,296.84000000000003,23.690000000000055,24.767034250579442,3876001,504,35.6
1052,34th week,Maharashtra,Chandrapur,Malaria,83,,12,8,2019,20.0967555,79.50454752,0.7642166746,,300.04,26.890000000000043,29.386195930014715,2204307,192,32.4
1053,34th week,Maharashtra,Satara,Dengue,15,,10,8,2019,17.63612885,74.29827808,2.153167766,3.0,,,17.609576433229666,3003922,287,29.7
1062,35th week,Maharashtra,Ahmednagar,Dengue,40,,26,8,2019,19.1627725,74.8580243,0.1011150584,8.0,309.1333334,35.98333340000005,13.125799158150661,4543159,266,22.4
1063,35th week,Maharashtra,Kolhapur,Dengue,5,1.0,25,8,2019,16.7028412,74.2405329,0.2611705563,11.0,304.0933334,30.94333340000003,19.552561249423103,3876001,504,35.6
1064,35th week,Maharashtra,Kolhapur,Malaria,3,,29,8,2019,16.7028412,74.2405329,0.2183346464,,304.21,31.060000000000002,18.91612393796155,3876001,504,35.6
1065,35th week,Maharashtra,Nagpur,Dengue,23,1.0,28,8,2019,21.1498134,79.0820556,1.381845331,,,,17.609576433229666,4653171,470,45.2
1080,35th week,Maharashtra,Ahmednagar,Dengue,32,,20,8,2019,19.1627725,74.8580243,0.1791402896,,309.24,36.09000000000003,14.004389516937312,4543159,266,22.4
1081,35th week,Maharashtra,Palghar,Dengue,143,,11,8,2019,19.684661,72.82491116,2.091814934,1.0,,,17.609576433229666,2990116,551,36.5
1100,36th week,Maharashtra,Satara,Dengue,6,,30,7,2019,17.63612885,74.29827808,0.4156390387,2.0,,,17.609576433229666,3003922,287,29.7
1101,36th week,Maharashtra,Thane,Dengue,61,4.0,20,7,2019,19.1943294,72.9701779,0.3855972868,,300.315,27.16500000000002,24.42581671193567,11060148,1157,72.1
1102,36th week,Maharashtra,Thane,Dengue,4,1.0,16,8,2019,19.1943294,72.9701779,1.141720103,9.0,,,17.609576433229666,11060148,1157,72.1
1103,36th week,Maharashtra,Thane,Malaria,7,1.0,21,8,2019,19.1943294,72.9701779,0.4011060221,,299.1333334,25.98333340000005,25.65822683770918,11060148,1157,72.1
1115,37th week,Maharashtra,Parbhani,Dengue,32,1.0,7,9,2019,19.29031365,76.60290343,0.904093517,9.0,,,17.609576433229666,1836086,295,22.1
1116,37th week,Maharashtra,Sindhudurg,Dengue,8,,5,9,2019,16.1357193,73.6522086,2.923395664,,,,17.609576433229666,849651,168,22.4
1121,37th week,Maharashtra,Aurangabad,Dengue,53,1.0,3,9,2019,19.877263,75.3390241,0.3651017782,8.0,302.49,29.340000000000032,22.257742755588428,3701282,365,42.3
1122,37th week,Maharashtra,Thane,Dengue,6,1.0,30,8,2019,19.1943294,72.9701779,0.2849312583,14.0,300.9666666,27.81666660000002,22.598203105104297,11060148,1157,72.1
1138,38th week,Maharashtra,Aurangabad,Dengue,67,3.0,12,9,2019,19.877263,75.3390241,0.5109091696,5.0,,,17.609576433229666,3701282,365,42.3
1139,38th week,Maharashtra,Jalna,Dengue,9,1.0,6,9,2019,19.91883295,75.87085986,0.8986838949,,,,17.609576433229666,1958483,253,21.7
1140,38th week,Maharashtra,Satara,Dengue,26,,27,8,2019,17.63612885,74.29827808,0.1166841354,9.0,305.3333334,32.18333340000004,16.661467533627963,3003922,287,29.7
1154,39th week,Maharashtra,Ahmednagar,Dengue,20,,25,9,2019,19.1627725,74.8580243,0.8857704141,15.0,302.0,28.850000000000023,29.177479366559417,4543159,266,22.4
1155,39th week,Maharashtra,Kolhapur,Dengue,6,,25,9,2019,16.7028412,74.2405329,0.5116805797,12.0,304.46500000000003,31.315000000000055,22.347710745244623,3876001,504,35.6
1156,39th week,Maharashtra,Nandurbar,Dengue,26,2.0,21,9,2019,21.51450155,74.54070115,0.9105038391,,302.65000000000003,29.500000000000057,28.914124006876484,1648295,276,20.1
1166,39th week,Maharashtra,Pune,Dengue,44,,1,9,2019,18.521428,73.8544541,0.405408928,9.0,301.895,28.745000000000005,23.283301488091134,9429408,603,61.3
1173,40th week,Maharashtra,Jalgaon,Dengue,42,1.0,27,9,2019,20.84288265,75.52612464,0.651715475,19.0,300.54,27.390000000000043,27.54445867141213,4224442,359,38.1
1174,40th week,Maharashtra,Nandurbar,Dengue,26,,30,9,2019,21.51450155,74.54070115,0.8655847464,,302.86,29.710000000000036,28.169649606412108,1648295,276,20.1
1188,40th week,Maharashtra,Pune,Dengue,82,,3,8,2019,18.521428,73.8544541,2.497719256,1.0,,,17.609576433229666,9429408,603,61.3
1204,41st week,Maharashtra,Pune,Dengue,2,,8,8,2019,18.521428,73.8544541,4.012694379,5.0,,,17.609576433229666,9429408,603,61.3
1205,41st week,Maharashtra,Sangli,Dengue,33,2.0,13,9,2019,17.1726928,74.58676543,0.3889180934,,300.15000000000003,27.000000000000057,24.612299778251828,2822143,329,32.8
1219,42nd week,Maharashtra,Ahmednagar,Dengue,27,1.0,12,10,2019,19.1627725,74.8580243,0.5139457242,16.0,304.1533334,31.00333340000003,22.650013068615372,4543159,266,22.4
1236,42nd week,Maharashtra,Latur,Dengue,28,,15,7,2019,18.35159075,76.75542361,0.5098842908,4.0,309.40000000000003,36.25000000000006,17.9855913002654,2455543,343,24.5
1237,42nd week,Maharashtra,Latur,Dengue,9,,3,9,2019,18.35159075,76.75542361,0.6187087164,9.0,303.2466666,30.09666660000005,24.75292685768609,2455543,343,24.5
1264,43rd week,Maharashtra,Jalgaon,Dengue,26,1.0,14,10,2019,20.84288265,75.52612464,0.03167748011,22.0,304.0966666,30.946666600000015,16.68956900895758,4224442,359,38.1
1267,43rd week,Maharashtra,Solapur,Dengue,10,,14,10,2019,17.6912883,75.8841635,0.5346480045,12.0,306.625,33.47500000000002,20.734484962914205,4315527,290,33.7
1271,44th week,Maharashtra,Buldhana,Dengue,98,,24,10,2019,20.562845,76.40869861,0.831913295,,301.62,28.470000000000027,28.84044801767276,2586258,268,28.3
1281,44th week,Maharashtra,Thane,Dengue,25,,10,9,2019,19.1943294,72.9701779,2.791678443,2.0,,,17.609576433229666,11060148,1157,72.1
1299,45th week,Maharashtra,Solapur,Dengue,11,1.0,20,9,2019,17.6912883,75.8841635,0.7313565149,6.0,310.28000000000003,37.13000000000005,19.9718392720577,4315527,290,33.7
1314,46th week,Maharashtra,Jalgaon,Dengue,8,1.0,24,10,2019,20.84288265,75.52612464,0.5594891162,,305.74,32.59000000000003,21.82231773148774,4224442,359,38.1
1315,46th week,Maharashtra,Kolhapur,Dengue,7,2.0,19,10,2019,16.7028412,74.2405329,0.4333649695,5.0,302.93,29.78000000000003,22.721547294110987,3876001,504,35.6
1330,47th week,Maharashtra,Beed,Dengue,16,,13,11,2019,18.9918442,75.909784,0.02363257748,11.0,304.6333334,31.48333340000005,16.117376007750753,2585049,268,19.1
1363,49th week,Maharashtra,Palghar,Dengue,16,,22,11,2019,19.684661,72.82491116,0.0008463301457,16.0,303.332,30.182000000000016,16.977766723669596,2990116,551,36.5
1380,51st week,Maharashtra,Chandrapur,Malaria,10,1.0,11,12,2019,20.0967555,79.50454752,9.38e-06,,300.325,27.17500000000001,19.611627532402245,2204307,192,32.4
1381,51st week,Maharashtra,Chandrapur,Dengue,34,2.0,7,10,2019,20.0967555,79.50454752,0.1414171169,,302.1966666,29.046666600000037,19.728020223517532,2204307,192,32.4
1386,1st week,Maharashtra,Gadchiroli,Malaria,13,1.0,31,12,2017,19.75907035,80.16228073,6.41e-05,13.0,300.156,27.00600000000003,19.760924456967626,1072942,77,14.2
1401,4th week,Maharashtra,Jalna,Dengue,11,,16,1,2018,19.91883295,75.87085986,0.0004715470776,,303.7133334,30.563333400000033,16.63775956970048,1958483,253,21.7
1435,10th week,Maharashtra,Nashik,Dengue,4,1.0,21,2,2018,20.0112475,73.7902364,0.0001015017778,6.0,307.69,34.54000000000002,13.136152548127807,6107187,393,38.3
1462,14th week,Maharashtra,Hingoli,Dengue,17,,20,3,2018,19.54140965,77.17376601,0.1180664855,3.0,314.168,41.01800000000003,8.90967875004431,1177345,244,17.1
1494,17th week,Maharashtra,Jalna,Dengue,18,1.0,2,4,2018,19.91883295,75.87085986,6.65e-05,4.0,321.6033334,48.45333340000002,0.9006293253004607,1958483,253,21.7
1508,18th week,Maharashtra,Ahmednagar,Dengue,16,,17,4,2018,19.1627725,74.8580243,0.02182854143,5.0,315.6866666,42.536666600000046,6.374829008844958,4543159,266,22.4
1520,20th week,Maharashtra,Osmanabad,Dengue,11,,11,5,2018,18.16984395,76.11796321,0.002483980371,3.0,318.7933334,45.64333340000002,3.401810950655909,1660311,219,25.7
1587,24th week,Maharashtra,Sangli,Dengue,14,,19,5,2018,17.1726928,74.58676543,0.06999731627,7.0,312.956,39.80600000000004,9.376422775347464,2822143,329,32.8
1609,25th week,Maharashtra,Kolhapur,Dengue,5,1.0,10,6,2018,16.7028412,74.2405329,1.523413764,,309.11,35.960000000000036,30.871738189281515,3876001,504,35.6
1610,25th week,Maharashtra,Solapur,Dengue,7,1.0,19,5,2018,17.6912883,75.8841635,0.04581453271,4.0,314.572,41.422000000000025,7.653968708353302,4315527,290,33.7
1614,26th week,Maharashtra,Palghar,Dengue,10,,25,6,2018,19.684661,72.82491116,1.962859083,,306.46,33.31,38.67868560484853,2990116,551,36.5
1634,27th week,Maharashtra,Kolhapur,Dengue,69,,13,6,2018,16.7028412,74.2405329,1.33649679,6.0,299.66,26.510000000000048,36.852409780495876,3876001,504,35.6
1637,27th week,Maharashtra,Sangli,Dengue,10,1.0,25,6,2018,17.1726928,74.58676543,0.5813302829,,310.46,37.31,17.943846840407655,2822143,329,32.8
1638,27th week,Maharashtra,Satara,Dengue,26,,8,6,2018,17.63612885,74.29827808,0.6279875973,5.0,307.2266666,34.07666660000001,21.36863841118859,3003922,287,29.7
1666,29th week,Maharashtra,Gadchiroli,Malaria,15,1.0,14,7,2018,19.75907035,80.16228073,2.67674705,3.0,,,17.609576433229666,1072942,77,14.2
1687,29th week,Maharashtra,Chandrapur,Dengue,35,,10,7,2018,20.0967555,79.50454752,3.618563972,5.0,,,17.609576433229666,2204307,192,32.4
1688,29th week,Maharashtra,Chandrapur,Dengue,77,,15,5,2018,20.0967555,79.50454752,0.01662380146,6.0,318.176,45.02600000000001,4.120898447765356,2204307,192,32.4
1689,29th week,Maharashtra,Sangli,Dengue,13,,1,7,2018,17.1726928,74.58676543,0.1875941459,8.0,304.40000000000003,31.250000000000057,18.365938038385572,2822143,329,32.8
1719,31st week,Maharashtra,Kolhapur,Dengue,170,2.0,11,6,2018,16.7028412,74.2405329,1.483449569,6.0,307.16,34.01000000000005,32.08847195743274,3876001,504,35.6
1771,35th week,Maharashtra,Aurangabad,Dengue,4,1.0,2,9,2018,19.877263,75.3390241,0.1642335851,11.0,303.94,30.79000000000002,18.479320814557262,3701282,365,42.3
1783,35th week,Maharashtra,Satara,Dengue,13,,16,8,2018,17.63612885,74.29827808,0.201422166,4.0,301.86,28.710000000000036,20.771891486094457,3003922,287,29.7
1830,40th week,Maharashtra,Beed,Dengue,10,1.0,17,9,2018,18.9918442,75.909784,0.02392114196,12.0,310.38,37.23000000000002,11.067476879643463,2585049,268,19.1
1835,40th week,Maharashtra,Pune,Dengue,51,,23,9,2018,18.521428,73.8544541,0.1302601564,16.0,304.7333334,31.583333400000015,17.358286042965528,9429408,603,61.3
1837,40th week,Maharashtra,Satara,Dengue,39,,6,8,2018,17.63612885,74.29827808,0.1002392496,6.0,302.07,28.920000000000016,19.32622829187355,3003922,287,29.7
1838,40th week,Maharashtra,Wardha,Dengue,62,2.0,13,8,2018,20.82562315,78.6131455,0.8882798395,,,,17.609576433229666,1300774,187,31.8
1871,44th week,Maharashtra,Amravati,Dengue,17,,25,10,2018,20.9521098,77.7333168,0.001005993219,10.0,310.9533334,37.80333340000004,10.277719379115236,2888445,237,40.5
1890,44th week,Maharashtra,Gadchiroli,Malaria,114,1.0,27,10,2018,19.75907035,80.16228073,0.005320785262,22.0,303.3566666,30.206666600000005,17.011838412355377,1072942,77,14.2
1907,46th week,Maharashtra,Nagpur,Dengue,15,,18,9,2018,21.1498134,79.0820556,0.02259216238,21.0,305.1633334,32.01333340000002,15.638339184244076,4653171,470,45.2
1909,46th week,Maharashtra,Nagpur,Dengue,18,1.0,23,8,2018,21.1498134,79.0820556,1.360221284,6.0,298.12,24.970000000000027,38.5023196364551,4653171,470,45.2
1910,46th week,Maharashtra,Nagpur,Dengue,52,1.0,11,9,2018,21.1498134,79.0820556,0.6023674312,20.0,301.61,28.460000000000036,25.98852284092369,4653171,470,45.2
1911,46th week,Maharashtra,Solapur,Dengue,16,1.0,25,10,2018,17.6912883,75.8841635,0.01100644841,7.0,313.58,40.43000000000001,8.092515932600941,4315527,290,33.7
1912,46th week,Maharashtra,Solapur,Dengue,7,1.0,31,10,2018,17.6912883,75.8841635,0.007979888095,,312.04400000000004,38.89400000000006,9.405522836358882,4315527,290,33.7
1917,47th week,Maharashtra,Nashik,Dengue,14,3.0,5,10,2018,20.0112475,73.7902364,0.199977881,20.0,304.168,31.01800000000003,18.7242863577846,6107187,393,38.3
1920,48th week,Maharashtra,Akola,Dengue,14,,30,11,2018,20.76181225,77.19211567,6.66e-05,8.0,307.208,34.05800000000005,13.559578047405354,1818617,321,43.2
1924,48th week,Maharashtra,Pune,Dengue,51,,4,10,2018,18.521428,73.8544541,0.3435667594,17.0,303.928,30.77800000000002,20.724815881529953,9429408,603,61.3
1936,50th week,Maharashtra,Akola,Dengue,8,,11,12,2018,20.76181225,77.19211567,0.01939602393,,303.944,30.79400000000004,16.670762900864688,1818617,321,43.2
1942,50th week,Maharashtra,Satara,Dengue,64,,29,9,2018,17.63612885,74.29827808,0.1610027176,,307.904,34.75400000000002,14.953199487413185,3003922,287,29.7
1951,1st week,Maharashtra,Sindhudurg,Malaria,2,1.0,2,1,2017,16.1357193,73.6522086,7.16e-05,17.0,303.80333340000004,30.653333400000065,16.553631153014152,849651,168,22.4
1965,3rd week,Maharashtra,Sindhudurg,Malaria,1,1.0,20,1,2017,16.1357193,73.6522086,6.23e-05,14.0,302.504,29.354000000000042,17.696121178633653,849651,168,22.4
2054,16th week,Maharashtra,Ratnagiri,Dengue,18,,11,4,2017,17.2826079,73.4569787,0.0006183158999,12.0,312.8466666,39.696666600000015,8.60793133191399,1612672,196,22.3
2149,23rd week,Maharashtra,Sindhudurg,Malaria,93,,1,6,2017,16.1357193,73.6522086,0.329188217,,303.93333340000004,30.78333340000006,20.540932991614323,849651,168,22.4
2260,29th week,Maharashtra,Thane,Dengue,56,,2,5,2017,19.1943294,72.9701779,0.001320360972,7.0,318.0833334,44.93333340000004,4.011668099117268,11060148,1157,72.1
2261,29th week,Maharashtra,Thane,Dengue,89,,29,4,2017,19.1943294,72.9701779,0.002979762189,7.0,318.384,45.23400000000004,3.7679486529856274,11060148,1157,72.1
2262,29th week,Maharashtra,Thane,Malaria,15,1.0,6,6,2017,19.1943294,72.9701779,0.3603882529,6.0,309.66400000000004,36.51400000000007,15.890338622409523,11060148,1157,72.1
2263,29th week,Maharashtra,Thane,Malaria,26,1.0,11,2,2017,19.1943294,72.9701779,3.37e-05,7.0,306.53000000000003,33.38000000000005,14.155386690539046,11060148,1157,72.1
2264,29th week,Maharashtra,Thane,Dengue,86,1.0,3,1,2017,19.1943294,72.9701779,7.53e-05,10.0,304.9466666,31.796666600000037,15.548254567673078,11060148,1157,72.1
2279,30th week,Maharashtra,Gadchiroli,Malaria,127,1.0,20,7,2017,19.75907035,80.16228073,3.48293604,,,,17.609576433229666,1072942,77,14.2
2323,32nd week,Maharashtra,Gadchiroli,Malaria,4,1.0,4,8,2017,19.75907035,80.16228073,0.2776156592,,302.99333340000004,29.843333400000063,20.724825014584937,1072942,77,14.2
2351,33rd week,Maharashtra,Satara,Dengue,26,,18,8,2017,17.63612885,74.29827808,0.1045410184,8.0,307.5133334,34.363333400000045,14.593088497077394,3003922,287,29.7
2402,35th week,Maharashtra,Sindhudurg,Malaria,11,,23,8,2017,16.1357193,73.6522086,1.135270023,13.0,298.35,25.200000000000045,35.496603916789496,849651,168,22.4
2420,36th week,Maharashtra,Sangli,Dengue,11,,16,8,2017,17.1726928,74.58676543,0.1404045846,11.0,303.96,30.810000000000002,18.16476394742312,2822143,329,32.8
2422,36th week,Maharashtra,Kolhapur,Malaria,6,,25,7,2017,16.7028412,74.2405329,0.7284388265,7.0,298.91,25.760000000000048,29.93401169806092,3876001,504,35.6
2440,37th week,Maharashtra,Aurangabad,Dengue,18,,12,9,2017,19.877263,75.3390241,0.194173318,9.0,300.8533334,27.70333340000002,21.566793622617023,3701282,365,42.3
2453,38th week,Maharashtra,Nagpur,Dengue,5,,15,9,2017,21.1498134,79.0820556,1.03122049,13.0,300.6,27.450000000000045,32.22128321675983,4653171,470,45.2
2454,38th week,Maharashtra,Sindhudurg,Malaria,5,,16,9,2017,16.1357193,73.6522086,0.7414077077,11.0,302.0466666,28.896666600000003,27.337319244926455,849651,168,22.4
2465,39th week,Maharashtra,Aurangabad,Dengue,25,,23,9,2017,19.877263,75.3390241,0.7067947874,19.0,301.12,27.970000000000027,27.720845912766233,3701282,365,42.3
2469,39th week,Maharashtra,Pune,Dengue,26,,12,5,2017,18.521428,73.8544541,0.08747467339,6.0,317.99,44.84000000000003,5.167442972187441,9429408,603,61.3
2470,39th week,Maharashtra,Pune,Dengue,8,1.0,29,7,2017,18.521428,73.8544541,0.8413701846,11.0,297.71,24.560000000000002,32.396674801883165,9429408,603,61.3
2471,39th week,Maharashtra,Pune,Dengue,6,1.0,29,8,2017,18.521428,73.8544541,0.7018421244,,300.3,27.150000000000034,28.380213686340976,9429408,603,61.3
2472,39th week,Maharashtra,Pune,Dengue,40,,19,8,2017,18.521428,73.8544541,0.2717663555,8.0,300.71,27.560000000000002,22.659842399181873,9429408,603,61.3
2475,39th week,Maharashtra,Pune,Dengue,13,2.0,28,9,2017,18.521428,73.8544541,0.2811133351,19.0,302.69333340000003,29.54333340000005,21.03222842220125,9429408,603,61.3
2484,40th week,Maharashtra,Nagpur,Dengue,529,4.0,4,10,2017,21.1498134,79.0820556,0.01103535607,25.0,303.94,30.79000000000002,16.570085459492304,4653171,470,45.2
2489,40th week,Maharashtra,Sangli,Dengue,58,,19,8,2017,17.1726928,74.58676543,0.1312180516,11.0,302.52,29.370000000000005,19.31658175283033,2822143,329,32.8
2510,41st week,Maharashtra,Jalgaon,Dengue,8,,30,9,2017,20.84288265,75.52612464,0.01302944824,,303.832,30.682000000000016,16.689909748614497,4224442,359,38.1
2511,41st week,Maharashtra,Thane,Dengue,7,1.0,23,9,2017,19.1943294,72.9701779,4.814444043,22.0,297.84000000000003,24.690000000000055,81.79685146074942,11060148,1157,72.1
2512,41st week,Maharashtra,Thane,Malaria,1,1.0,14,9,2017,19.1943294,72.9701779,0.7747909967,,300.605,27.45500000000004,29.02112970336852,11060148,1157,72.1
2523,42nd week,Maharashtra,Nashik,Dengue,7,1.0,1,10,2017,20.0112475,73.7902364,0.07059878798,19.0,303.25333340000003,30.103333400000054,17.91623555489722,6107187,393,38.3
2541,43rd week,Maharashtra,Beed,Dengue,50,2.0,19,10,2017,18.9918442,75.909784,0.1958354595,19.0,303.105,29.95500000000004,19.607440767609535,2585049,268,19.1
2552,44th week,Maharashtra,Beed,Dengue,19,1.0,28,10,2017,18.9918442,75.909784,0.007478004264,16.0,305.9033334,32.75333340000003,14.799238619122699,2585049,268,19.1
2553,44th week,Maharashtra,Parbhani,Dengue,14,,2,11,2017,19.29031365,76.60290343,0.003007790252,13.0,306.928,33.77800000000002,13.842458672733319,1836086,295,22.1
2570,45th week,Maharashtra,Satara,Dengue,23,,14,10,2017,17.63612885,74.29827808,0.7514111837,8.0,303.64,30.49000000000001,26.06084450095433,3003922,287,29.7
2571,45th week,Maharashtra,Satara,Dengue,28,,14,10,2017,17.63612885,74.29827808,0.7514111837,8.0,303.64,30.49000000000001,26.06084450095433,3003922,287,29.7
2572,45th week,Maharashtra,Thane,Dengue,24,3.0,9,10,2017,19.1943294,72.9701779,1.13654644,20.0,303.744,30.59400000000005,30.769143361258887,11060148,1157,72.1
2586,46th week,Maharashtra,Ahmednagar,Dengue,10,1.0,8,11,2017,19.1627725,74.8580243,7.74e-05,,304.8166666,31.666666600000042,15.662599951032439,4543159,266,22.4
2591,47th week,Maharashtra,Kolhapur,Dengue,1,1.0,21,11,2017,16.7028412,74.2405329,0.05927338315,9.0,305.87,32.72000000000003,15.47405202573659,3876001,504,35.6
2597,47th week,Maharashtra,Kolhapur,Dengue,4,1.0,14,11,2017,16.7028412,74.2405329,2.57e-05,10.0,306.3333334,33.18333340000004,14.328231380825368,3876001,504,35.6
2599,47th week,Maharashtra,Pune,Dengue,3,1.0,6,11,2017,18.521428,73.8544541,6.91e-05,18.0,304.3333334,31.183333400000038,16.087529362875834,9429408,603,61.3
2600,47th week,Maharashtra,Pune,Dengue,1,1.0,28,10,2017,18.521428,73.8544541,0.0572075111,14.0,305.648,32.49800000000005,15.643528101685735,9429408,603,61.3
2602,47th week,Maharashtra,Satara,Dengue,18,,1,10,2017,17.63612885,74.29827808,0.2448074611,13.0,305.295,32.14500000000004,18.291916078779035,3003922,287,29.7
2604,47th week,Maharashtra,Satara,Dengue,16,,27,10,2017,17.63612885,74.29827808,0.04106051663,12.0,306.124,32.974000000000046,15.023711735518408,3003922,287,29.7
2606,48th week,Maharashtra,Beed,Dengue,6,,30,11,2017,18.9918442,75.909784,9.52e-05,10.0,305.3933334,32.24333340000004,15.155713366841574,2585049,268,19.1
2612,49th week,Maharashtra,Palghar,Dengue,20,,13,11,2017,19.684661,72.82491116,3e-05,13.0,305.14,31.99000000000001,15.377676769890462,2990116,551,36.5
2627,51st week,Maharashtra,Sindhudurg,Dengue,6,,12,12,2017,16.1357193,73.6522086,0.03444098766,21.0,300.79200000000003,27.642000000000053,19.630062203143964,849651,168,22.4
2685,7th week,Maharashtra,Kolhapur,Dengue,7,1.0,12,2,2016,16.7028412,74.2405329,4.73e-05,5.0,307.5966666,34.446666600000015,13.217552447985925,3876001,504,35.6
2692,7th week,Maharashtra,Gadchiroli,Malaria,98,1.0,8,2,2016,19.75907035,80.16228073,7.18e-05,9.0,305.0766666,31.926666600000033,15.433891736791553,1072942,77,14.2
2693,7th week,Maharashtra,Pune,Dengue,22,,8,1,2016,18.521428,73.8544541,2.19e-05,,303.36400000000003,30.214000000000055,16.939352136182737,9429408,603,61.3
2738,13th week,Maharashtra,Beed,Dengue,11,1.0,29,2,2016,18.9918442,75.909784,0.02412643043,4.0,314.62,41.47000000000003,7.341470219661314,2585049,268,19.1
2739,13th week,Maharashtra,Kolhapur,Malaria,13,,30,3,2016,16.7028412,74.2405329,0.01202549065,5.0,315.2133334,42.06333340000003,6.6688973984557895,3876001,504,35.6
2799,17th week,Maharashtra,Sangli,Dengue,25,,16,4,2016,17.1726928,74.58676543,8.26e-05,6.0,319.92400000000004,46.77400000000006,2.377599749506109,2822143,329,32.8
2800,17th week,Maharashtra,Sangli,Dengue,13,,16,4,2016,17.1726928,74.58676543,8.26e-05,6.0,319.92400000000004,46.77400000000006,2.377599749506109,2822143,329,32.8
2825,18th week,Maharashtra,Nashik,Dengue,20,1.0,25,4,2016,20.0112475,73.7902364,0.002772524939,5.0,316.8266666,43.67666660000003,5.134851549536154,6107187,393,38.3
2845,19th week,Maharashtra,Kolhapur,Dengue,33,1.0,4,5,2016,16.7028412,74.2405329,0.03786334578,5.0,317.61333340000004,44.46333340000007,4.880393546500454,3876001,504,35.6
2846,19th week,Maharashtra,Raigad,Dengue,26,,2,5,2016,18.4928092,73.13807095,0.001269255466,9.0,314.5933334,41.44333340000003,7.080062350905917,2635394,368,36.9
2847,19th week,Maharashtra,Sindhudurg,Dengue,23,,7,4,2016,16.1357193,73.6522086,0.01459097598,17.0,308.824,35.674000000000035,12.319512569077158,849651,168,22.4
2869,20th week,Maharashtra,Nashik,Dengue,4,1.0,10,5,2016,20.0112475,73.7902364,0.09263780485,6.0,318.7666666,45.61666660000003,4.548804627778667,6107187,393,38.3
2980,23rd week,Maharashtra,Pune,Dengue,24,,24,4,2016,18.521428,73.8544541,0.01879334041,5.0,318.5566666,45.40666660000005,3.8131863168543054,9429408,603,61.3
2981,23rd week,Maharashtra,Pune,Dengue,47,,4,4,2016,18.521428,73.8544541,0.000185409968,5.0,317.3333334,44.18333340000004,4.657057670082546,9429408,603,61.3
3001,24th week,Maharashtra,Nashik,Dengue,20,,13,6,2016,20.0112475,73.7902364,0.1453856864,4.0,313.712,40.56200000000001,9.651141344660367,6107187,393,38.3
3002,24th week,Maharashtra,Nashik,Dengue,12,,15,6,2016,20.0112475,73.7902364,0.1926391201,4.0,311.975,38.825000000000045,11.767518559416864,6107187,393,38.3
3050,25th week,Maharashtra,Chandrapur,Malaria,28,1.0,5,5,2016,20.0967555,79.50454752,0.09036653885,7.0,317.2066666,44.05666660000003,5.89232948420322,2204307,192,32.4
3229,30th week,Maharashtra,Kolhapur,Malaria,18,,28,7,2016,16.7028412,74.2405329,1.556754063,3.0,303.6,30.450000000000045,36.13261802840581,3876001,504,35.6
3258,30th week,Maharashtra,Satara,Dengue,21,,9,6,2016,17.63612885,74.29827808,0.4248655963,,308.03000000000003,34.88000000000005,18.130793093423488,3003922,287,29.7
3306,31st week,Maharashtra,Jalna,Dengue,12,1.0,24,7,2016,19.91883295,75.87085986,0.5742483549,3.0,,,17.609576433229666,1958483,253,21.7
3339,32nd week,Maharashtra,Gadchiroli,Malaria,21,1.0,24,7,2016,19.75907035,80.16228073,0.9831762867,3.0,,,17.609576433229666,1072942,77,14.2
3352,33rd week,Maharashtra,Beed,Dengue,34,1.0,15,8,2016,18.9918442,75.909784,0.1049036388,8.0,302.98,29.83000000000004,18.58412383160284,2585049,268,19.1
3369,33rd week,Maharashtra,Ahmednagar,Dengue,19,1.0,8,8,2016,19.1627725,74.8580243,1.502518227,7.0,300.32,27.170000000000016,38.34106472200794,4543159,266,22.4
3370,33rd week,Maharashtra,Jalna,Dengue,12,,7,8,2016,19.91883295,75.87085986,1.1719982,4.0,,,17.609576433229666,1958483,253,21.7
3412,34th week,Maharashtra,Jalna,Dengue,7,1.0,15,8,2016,19.91883295,75.87085986,0.1013382559,7.0,303.7,30.55000000000001,17.90653763156569,1958483,253,21.7
3413,34th week,Maharashtra,Sangli,Dengue,9,,28,7,2016,17.1726928,74.58676543,0.9946768531,5.0,,,17.609576433229666,2822143,329,32.8
3467,36th week,Maharashtra,Nagpur,Dengue,37,,7,9,2016,21.1498134,79.0820556,0.1495673348,13.0,303.86,30.710000000000036,18.366892722319005,4653171,470,45.2
3537,38th week,Maharashtra,Jalgaon,Dengue,60,1.0,10,9,2016,20.84288265,75.52612464,0.08151527761,14.0,301.152,28.00200000000001,19.900150007436423,4224442,359,38.1
3564,39th week,Maharashtra,Osmanabad,Dengue,18,,19,3,2016,18.16984395,76.11796321,0.0007361318031,2.0,322.028,48.87800000000004,0.5355319214262955,1660311,219,25.7
3603,40th week,Maharashtra,Aurangabad,Dengue,39,,15,9,2016,19.877263,75.3390241,0.06488762857,4.0,305.72,32.57000000000005,15.675926431345413,3701282,365,42.3
3605,40th week,Maharashtra,Pune,Dengue,31,1.0,19,7,2016,18.521428,73.8544541,0.3972179572,,302.15000000000003,29.000000000000057,22.956979853418165,9429408,603,61.3
3606,40th week,Maharashtra,Satara,Dengue,22,,7,9,2016,17.63612885,74.29827808,0.05181965443,10.0,303.6,30.450000000000045,17.377349132099184,3003922,287,29.7
3611,40th week,Maharashtra,Sangli,Dengue,13,,3,8,2016,17.1726928,74.58676543,0.9991063172,,296.46,23.310000000000002,35.461687045083075,2822143,329,32.8
3628,41st week,Maharashtra,Jalgaon,Dengue,65,,20,9,2016,20.84288265,75.52612464,0.8467985339,,297.0,23.850000000000023,33.08868446463468,4224442,359,38.1
3704,47th week,Maharashtra,Ratnagiri,Dengue,40,,18,11,2016,17.2826079,73.4569787,0.02057572889,18.0,305.19,32.04000000000002,15.589759313786637,1612672,196,22.3
3720,48th week,Maharashtra,Nagpur,Dengue,6,,23,11,2016,21.1498134,79.0820556,4.12e-05,,303.9733334,30.823333400000024,16.403757938279455,4653171,470,45.2
3722,48th week,Maharashtra,Latur,Dengue,13,,31,10,2016,18.35159075,76.75542361,0.01018348899,,305.868,32.71800000000002,14.864027199574952,2455543,343,24.5
3760,2nd week,Maharashtra,Gadchiroli,Malaria,14,1.0,25,12,2014,19.75907035,80.16228073,5.02e-05,14.0,296.91200000000003,23.762000000000057,22.613455258573705,1072942,77,14.2
3800,9th week,Maharashtra,Chandrapur,Malaria,51,1.0,18,2,2015,20.0967555,79.50454752,0.001169453434,,307.072,33.922000000000025,13.692917859192155,2204307,192,32.4
3809,10th week,Maharashtra,Chandrapur,Dengue,6,1.0,24,11,2014,20.0967555,79.50454752,0.0024578931,,303.2,30.05000000000001,17.11392882169043,2204307,192,32.4
3810,10th week,Maharashtra,Chandrapur,Malaria,81,1.0,1,12,2014,20.0967555,79.50454752,3.1e-05,14.0,300.172,27.022000000000048,19.74644189082259,2204307,192,32.4
3811,10th week,Maharashtra,Satara,Malaria,74,1.0,9,12,2014,17.63612885,74.29827808,9.13e-05,8.0,306.26,33.110000000000014,14.393536741147672,3003922,287,29.7
3822,13th week,Maharashtra,Sangli,Dengue,15,,24,2,2015,17.1726928,74.58676543,6.17e-05,6.0,311.656,38.50600000000003,9.648041170965902,2822143,329,32.8
3847,16th week,Maharashtra,Satara,Dengue,8,,1,11,2014,17.63612885,74.29827808,0.1073499873,,306.5666666,33.41666660000004,15.460573798583969,3003922,287,29.7
3848,16th week,Maharashtra,Satara,Dengue,11,,2,9,2014,17.63612885,74.29827808,1.003676192,4.0,,,17.609576433229666,3003922,287,29.7
3849,16th week,Maharashtra,Satara,Dengue,22,,24,10,2014,17.63612885,74.29827808,0.07130009105,,307.136,33.98600000000005,14.510641813463742,3003922,287,29.7
3864,18th week,Maharashtra,Gadchiroli,Dengue,44,,25,4,2015,19.75907035,80.16228073,0.008913779688,9.0,311.85,38.700000000000045,9.587760914683868,1072942,77,14.2
3886,19th week,Maharashtra,Ahmednagar,Dengue,11,1.0,27,4,2015,19.1627725,74.8580243,0.01545371461,4.0,318.75,45.60000000000002,3.6015529316260224,4543159,266,22.4
3930,22nd week,Maharashtra,Nashik,Dengue,29,,24,5,2015,20.0112475,73.7902364,0.003372753075,,316.2766666,43.12666660000002,5.62599010712262,6107187,393,38.3
4041,27th week,Maharashtra,Kolhapur,Malaria,48,,26,6,2015,16.7028412,74.2405329,0.9542822088,,301.78000000000003,28.630000000000052,30.224771974815773,3876001,504,35.6
4094,29th week,Maharashtra,Gadchiroli,Malaria,37,1.0,9,7,2015,19.75907035,80.16228073,0.04433135715,18.0,303.36,30.210000000000036,17.49507696173924,1072942,77,14.2
4117,30th week,Maharashtra,Gadchiroli,Malaria,41,1.0,17,7,2015,19.75907035,80.16228073,0.3063071057,21.0,303.645,30.495000000000005,20.50933098821931,1072942,77,14.2
4184,32nd week,Maharashtra,Chandrapur,Dengue,70,,13,7,2015,20.0967555,79.50454752,0.2738675202,17.0,304.135,30.985000000000014,19.67415664859765,2204307,192,32.4
4185,32nd week,Maharashtra,Chandrapur,Dengue,87,,22,7,2015,20.0967555,79.50454752,0.3726414689,13.0,313.14,39.99000000000001,12.98632466562568,2204307,192,32.4
4186,32nd week,Maharashtra,Nagpur,Dengue,25,,27,7,2015,21.1498134,79.0820556,0.3560908714,,,,17.609576433229666,4653171,470,45.2
4195,33rd week,Maharashtra,Nashik,Dengue,10,,8,8,2015,20.0112475,73.7902364,0.4870072432,5.0,297.36,24.210000000000036,28.288203527666404,6107187,393,38.3
4213,33rd week,Maharashtra,Gadchiroli,Malaria,68,2.0,17,7,2015,19.75907035,80.16228073,0.3063071057,21.0,303.645,30.495000000000005,20.50933098821931,1072942,77,14.2
4296,36th week,Maharashtra,Chandrapur,Malaria,88,1.0,14,8,2015,20.0967555,79.50454752,0.8316976807,15.0,302.54,29.390000000000043,28.028732650967807,2204307,192,32.4
4344,38th week,Maharashtra,Kolhapur,Malaria,14,,10,9,2015,16.7028412,74.2405329,0.4009048268,8.0,310.55333340000004,37.403333400000065,15.613216346487945,3876001,504,35.6
4345,38th week,Maharashtra,Wardha,Malaria,23,,15,9,2015,20.82562315,78.6131455,0.1814095377,19.0,305.468,32.31800000000004,17.349685964631494,1300774,187,31.8
4387,39th week,Maharashtra,Satara,Dengue,11,,27,8,2015,17.63612885,74.29827808,0.09065298531,4.0,306.88,33.73000000000002,14.976948474552021,3003922,287,29.7
4388,39th week,Maharashtra,Satara,Dengue,10,,28,8,2015,17.63612885,74.29827808,0.07630872588,,305.61333340000004,32.46333340000007,15.91206235792988,3003922,287,29.7
4440,41st week,Maharashtra,Nanded,Dengue,15,,16,9,2015,19.09400875,77.48319215,1.047197061,18.0,304.15000000000003,31.000000000000057,29.29859761759202,3361292,319,23.3
4441,41st week,Maharashtra,Nashik,Malaria,36,,22,9,2015,20.0112475,73.7902364,1.461111818,,297.3466666,24.196666600000015,40.43972232134143,6107187,393,38.3
4454,42nd week,Maharashtra,Nashik,Dengue,18,,7,10,2015,20.0112475,73.7902364,0.4181637434,,303.05,29.900000000000034,22.42657634660797,6107187,393,38.3
4524,47th week,Maharashtra,Gadchiroli,Malaria,15,1.0,11,11,2015,19.75907035,80.16228073,2.07e-05,19.0,302.27,29.120000000000005,17.90137731971198,1072942,77,14.2
4525,47th week,Maharashtra,Gadchiroli,Malaria,30,1.0,16,11,2015,19.75907035,80.16228073,7.15e-05,,301.384,28.234000000000037,18.681139814742753,1072942,77,14.2
4541,48th week,Maharashtra,Kolhapur,Malaria,11,,19,11,2015,16.7028412,74.2405329,7.44e-05,9.0,305.7,32.55000000000001,14.885778115111787,3876001,504,35.6
4569,50th week,Maharashtra,Gadchiroli,Malaria,195,1.0,5,12,2015,19.75907035,80.16228073,0.009911550213,13.0,302.456,29.30600000000004,17.86107778598134,1072942,77,14.2
4597,52nd week,Maharashtra,Kolhapur,Malaria,60,,19,12,2015,16.7028412,74.2405329,0.0004126996655,,305.736,32.58600000000001,14.858336552090263,3876001,504,35.6
4598,52nd week,Maharashtra,Nashik,Dengue,10,,17,12,2015,20.0112475,73.7902364,0.001370455503,10.0,304.628,31.47800000000001,15.844624037690695,6107187,393,38.3
4601,53rd week,Maharashtra,Kolhapur,Malaria,3,1.0,26,12,2015,16.7028412,74.2405329,0.0001279093498,,305.0433334,31.893333400000017,15.463903501682477,3876001,504,35.6
4672,16th week,Maharashtra,Dhule,Dengue,94,2.0,13,4,2014,21.13170235,74.48990147,0.006512855831,5.0,318.6466666,45.496666600000026,3.580996513437472,2050862,285,35.4
4673,16th week,Maharashtra,Dhule,Dengue,18,1.0,16,4,2014,21.13170235,74.48990147,0.0003070607409,5.0,320.93333340000004,47.78333340000006,1.4928109488121795,2050862,285,35.4
4676,16th week,Maharashtra,Thane,Dengue,20,1.0,29,3,2014,19.1943294,72.9701779,6.47e-05,,315.53000000000003,42.38000000000005,6.241366038645254,11060148,1157,72.1
4681,17th week,Maharashtra,Dhule,Dengue,14,,17,4,2014,21.13170235,74.48990147,0.0003582729767,5.0,321.36,48.210000000000036,1.1182477241795095,2050862,285,35.4
4686,18th week,Maharashtra,Thane,Dengue,14,,20,4,2014,19.1943294,72.9701779,0.01034601794,9.0,315.49,42.34000000000003,6.404672268446715,11060148,1157,72.1
4700,20th week,Maharashtra,Ahmednagar,Dengue,16,,14,5,2014,19.1627725,74.8580243,0.003028381786,4.0,319.06,45.910000000000025,3.174094672687327,4543159,266,22.4
4704,20th week,Maharashtra,Ahmednagar,Dengue,20,,25,4,2014,19.1627725,74.8580243,0.0348545065,5.0,315.9166666,42.76666660000001,6.33490823726694,4543159,266,22.4
4713,21st week,Maharashtra,Gondia,Malaria,8,1.0,26,5,2014,21.455228,80.1962729,0.01192711893,9.0,314.5,41.35000000000002,7.294961533457451,1322331,253,20.2
4719,22nd week,Maharashtra,Beed,Dengue,12,,29,5,2014,18.9918442,75.909784,0.0001244868257,3.0,319.45,46.30000000000001,2.794947199535276,2585049,268,19.1
4740,23rd week,Maharashtra,Jalna,Dengue,28,,31,5,2014,19.91883295,75.87085986,0.0006152937121,3.0,318.66,45.51000000000005,3.495772946129547,1958483,253,21.7
4741,23rd week,Maharashtra,Nashik,Dengue,24,,2,6,2014,20.0112475,73.7902364,0.1594878922,,312.3966666,39.246666600000026,10.983566291628303,6107187,393,38.3
4749,23rd week,Maharashtra,Amravati,Dengue,17,,16,5,2014,20.9521098,77.7333168,0.002279639878,,322.6266666,49.476666600000044,0.02831334595552571,2888445,237,40.5
4750,23rd week,Maharashtra,Ahmednagar,Dengue,20,,25,4,2014,19.1627725,74.8580243,0.0348545065,5.0,315.9166666,42.76666660000001,6.33490823726694,4543159,266,22.4
4752,23rd week,Maharashtra,Bhandara,Dengue,31,,26,3,2014,21.12304765,79.79390882,0.0009984167211,7.0,312.03000000000003,38.88000000000005,9.330827438577364,1200334,293,19.8
4764,24th week,Maharashtra,Gadchiroli,Malaria,60,3.0,13,6,2014,19.75907035,80.16228073,0.0228762486,9.0,313.93333340000004,40.78333340000006,7.929729690893702,1072942,77,14.2
4798,26th week,Maharashtra,Beed,Dengue,21,,18,6,2014,18.9918442,75.909784,0.0501442662,,316.77500000000003,43.62500000000006,5.770657125117593,2585049,268,19.1
4807,26th week,Maharashtra,Gadchiroli,Malaria,11,1.0,16,6,2014,19.75907035,80.16228073,0.05543978912,9.0,316.4733334,43.323333400000024,6.101931801987042,1072942,77,14.2
4859,29th week,Maharashtra,Beed,Dengue,34,,17,7,2014,18.9918442,75.909784,0.4463907216,2.0,,,17.609576433229666,2585049,268,19.1
4893,30th week,Maharashtra,Beed,Dengue,34,,17,7,2014,18.9918442,75.909784,0.4463907216,2.0,,,17.609576433229666,2585049,268,19.1
4895,30th week,Maharashtra,Sangli,Dengue,7,,14,7,2014,17.1726928,74.58676543,0.6972850985,3.0,301.94,28.79000000000002,26.88124084963729,2822143,329,32.8
4896,30th week,Maharashtra,Sangli,Malaria,29,,16,7,2014,17.1726928,74.58676543,0.5561390554,3.0,301.94,28.79000000000002,25.122206052562245,2822143,329,32.8
4926,31st week,Maharashtra,Ahmednagar,Dengue,10,,12,7,2014,19.1627725,74.8580243,0.365054979,,313.56,40.410000000000025,12.52243892225928,4543159,266,22.4
4933,32nd week,Maharashtra,Osmanabad,Dengue,10,1.0,7,8,2014,18.16984395,76.11796321,0.4268564407,7.0,306.24,33.09000000000003,19.729691635714648,1660311,219,25.7
4956,33rd week,Maharashtra,Amravati,Dengue,25,1.0,7,8,2014,20.9521098,77.7333168,0.6478139446,6.0,,,17.609576433229666,2888445,237,40.5
4958,33rd week,Maharashtra,Nashik,Dengue,10,,8,8,2014,20.0112475,73.7902364,1.012877882,4.0,296.42,23.27000000000004,35.66849053164266,6107187,393,38.3
4977,34th week,Maharashtra,Beed,Dengue,32,,16,8,2014,18.9918442,75.909784,0.1220243953,4.0,309.1466666,35.996666600000026,13.374657170208584,2585049,268,19.1
4979,34th week,Maharashtra,Jalgaon,Dengue,55,,9,8,2014,20.84288265,75.52612464,0.2843866535,8.0,298.58,25.430000000000007,24.69019938377915,4224442,359,38.1
5000,35th week,Maharashtra,Ahmednagar,Malaria,14,,22,8,2014,19.1627725,74.8580243,0.2078403457,7.0,304.35,31.200000000000045,18.66222555169799,4543159,266,22.4
5002,35th week,Maharashtra,Nanded,Dengue,124,,25,8,2014,19.09400875,77.48319215,0.2181573568,14.0,307.888,34.738,15.67956014031478,3361292,319,23.3
5016,35th week,Maharashtra,Nagpur,Dengue,36,,11,8,2014,21.1498134,79.0820556,0.4583644864,11.0,308.07,34.920000000000016,18.513098399547207,4653171,470,45.2
5028,36th week,Maharashtra,Akola,Dengue,101,1.0,1,9,2014,20.76181225,77.19211567,1.449853358,9.0,,,17.609576433229666,1818617,321,43.2
5029,36th week,Maharashtra,Nashik,Dengue,26,,1,9,2014,20.0112475,73.7902364,3.080969198,5.0,,,17.609576433229666,6107187,393,38.3
5030,36th week,Maharashtra,Nashik,Malaria,65,,15,8,2014,20.0112475,73.7902364,0.4786675808,8.0,300.6,27.450000000000045,25.33508383659565,6107187,393,38.3
5050,37th week,Maharashtra,Gadchiroli,Malaria,17,1.0,4,9,2014,19.75907035,80.16228073,1.129491128,14.0,301.24,28.090000000000032,32.883180324040154,1072942,77,14.2
5064,37th week,Maharashtra,Satara,Dengue,29,,12,8,2014,17.63612885,74.29827808,0.1562300671,,305.71,32.56,16.823076803408618,3003922,287,29.7
5074,38th week,Maharashtra,Washim,Dengue,28,1.0,14,9,2014,20.28741775,77.2369655,0.705854471,,296.78000000000003,23.630000000000052,31.525630130975273,1197160,244,19.4
5083,38th week,Maharashtra,Chandrapur,Dengue,203,,16,8,2014,20.0967555,79.50454752,0.07242927172,15.0,301.8666666,28.716666599999996,19.158453033553684,2204307,192,32.4
5084,38th week,Maharashtra,Jalna,Dengue,15,2.0,10,9,2014,19.91883295,75.87085986,1.510543968,10.0,301.87,28.720000000000027,37.078048886932976,1958483,253,21.7
5105,39th week,Maharashtra,Gadchiroli,Malaria,12,1.0,17,9,2014,19.75907035,80.16228073,0.5640343903,22.0,302.1,28.950000000000045,25.079901220061096,1072942,77,14.2
5114,40th week,Maharashtra,Amravati,Dengue,156,,26,9,2014,20.9521098,77.7333168,0.02353522183,22.0,302.8566666,29.706666600000005,17.678525393711777,2888445,237,40.5
5116,40th week,Maharashtra,Jalgaon,Dengue,25,,29,9,2014,20.84288265,75.52612464,0.004048963017,,305.05,31.900000000000034,15.506907230025902,4224442,359,38.1
5135,41st week,Maharashtra,Nagpur,Dengue,30,1.0,20,9,2014,21.1498134,79.0820556,0.05902523312,18.0,303.068,29.918000000000006,17.934978161575884,4653171,470,45.2
5139,42nd week,Maharashtra,Ahmednagar,Dengue,11,,8,10,2014,19.1627725,74.8580243,0.01178910545,,311.768,38.617999999999995,9.695703748984847,4543159,266,22.4
5142,42nd week,Maharashtra,Jalna,Dengue,20,1.0,6,10,2014,19.91883295,75.87085986,0.009091637421,13.0,310.4833334,37.333333400000015,10.791794768595635,1958483,253,21.7
5172,44th week,Maharashtra,Nagpur,Dengue,49,2.0,3,10,2014,21.1498134,79.0820556,0.000804808209,19.0,306.6533334,33.50333340000003,14.056539891798508,4653171,470,45.2
5173,44th week,Maharashtra,Nashik,Dengue,10,,9,10,2014,20.0112475,73.7902364,0.1019110467,19.0,304.5966666,31.446666600000015,17.125166667465276,6107187,393,38.3
5174,44th week,Maharashtra,Wardha,Dengue,18,2.0,28,8,2014,20.82562315,78.6131455,0.6756161029,,302.42,29.27000000000004,26.18908894273287,1300774,187,31.8
5185,45th week,Maharashtra,Dhule,Malaria,12,1.0,30,10,2014,21.13170235,74.48990147,0.001711687534,9.0,307.33,34.18000000000001,13.472795793205927,2050862,285,35.4
5186,45th week,Maharashtra,Gadchiroli,Malaria,70,,2,11,2014,19.75907035,80.16228073,0.017084173,23.0,300.476,27.326000000000022,19.69163624881205,1072942,77,14.2
5187,45th week,Maharashtra,Gadchiroli,Malaria,42,,6,11,2014,19.75907035,80.16228073,5.7e-05,23.0,301.2,28.05000000000001,18.8427647622786,1072942,77,14.2
5193,45th week,Maharashtra,Wardha,Dengue,51,2.0,3,9,2014,20.82562315,78.6131455,1.376183066,10.0,301.68,28.53000000000003,35.57065594359629,1300774,187,31.8
5200,46th week,Maharashtra,Nashik,Dengue,27,,5,11,2014,20.0112475,73.7902364,5.36e-05,9.0,306.46,33.31,14.217191193414406,6107187,393,38.3
5216,47th week,Maharashtra,Ahmednagar,Dengue,55,,12,11,2014,19.1627725,74.8580243,0.02581867873,7.0,308.332,35.182000000000016,12.89209224116163,4543159,266,22.4
5217,47th week,Maharashtra,Gadchiroli,Malaria,4,2.0,12,11,2014,19.75907035,80.16228073,0.1224022139,20.0,300.82,27.670000000000016,20.701657778435685,1072942,77,14.2
5222,47th week,Maharashtra,Bhandara,Dengue,77,7.0,15,8,2014,21.12304765,79.79390882,0.2221854029,13.0,304.5733334,31.423333400000047,18.644606451747862,1200334,293,19.8
5243,49th week,Maharashtra,Nagpur,Dengue,16,3.0,20,10,2014,21.1498134,79.0820556,0.05673374227,17.0,304.028,30.878000000000043,17.062217008319333,4653171,470,45.2
5244,49th week,Maharashtra,Nagpur,Dengue,22,1.0,9,11,2014,21.1498134,79.0820556,7.7e-05,,305.4066666,32.25666660000002,15.14376161891147,4653171,470,45.2
5249,50th week,Maharashtra,Ratnagiri,Dengue,46,,2,12,2014,17.2826079,73.4569787,0.0003383787763,,303.97,30.82000000000005,16.410392853958015,1612672,196,22.3
5254,50th week,Maharashtra,Amravati,Dengue,32,,24,11,2014,20.9521098,77.7333168,0.001515152045,,307.4233334,34.27333340000001,13.388271076190078,2888445,237,40.5
5271,1st week,Maharashtra,Ahmednagar,Dengue,12,,24,12,2012,19.1627725,74.8580243,5.97e-05,5.0,305.648,32.49800000000005,14.931322600959435,4543159,266,22.4
5293,5th week,Maharashtra,Satara,Dengue,18,,8,1,2013,17.63612885,74.29827808,0.0009115425988,,309.36333340000004,36.21333340000007,11.674754188311708,3003922,287,29.7
5318,10th week,Maharashtra,Kolhapur,Dengue,28,,2,3,2013,16.7028412,74.2405329,3.82e-05,6.0,311.09000000000003,37.940000000000055,10.145476563652073,3876001,504,35.6
5340,12th week,Maharashtra,Raigad,Dengue,27,,10,3,2013,18.4928092,73.13807095,4.03e-05,8.0,313.8,40.650000000000034,7.762386852425633,2635394,368,36.9
5348,13th week,Maharashtra,Beed,Dengue,23,,25,3,2013,18.9918442,75.909784,3.17e-05,3.0,321.1033334,47.95333340000002,1.339884906965242,2585049,268,19.1
5351,13th week,Maharashtra,Raigad,Dengue,22,,16,3,2013,18.4928092,73.13807095,0.0007016275189,8.0,311.75,38.60000000000002,9.573354693686396,2635394,368,36.9
5357,14th week,Maharashtra,Beed,Dengue,16,1.0,28,3,2013,18.9918442,75.909784,3.16e-05,3.0,321.704,48.55400000000003,0.8116703343102905,2585049,268,19.1
5358,14th week,Maharashtra,Sangli,Dengue,20,,28,3,2013,17.1726928,74.58676543,0.0004285438886,5.0,313.90000000000003,40.75000000000006,7.679287492591675,2822143,329,32.8
5364,15th week,Maharashtra,Gadchiroli,Dengue,12,,4,4,2013,19.75907035,80.16228073,0.009566447066,7.0,313.96,40.81,7.740406042365988,1072942,77,14.2
5399,17th week,Maharashtra,Gondia,Dengue,22,,8,4,2013,21.455228,80.1962729,0.01984638338,7.0,315.512,42.36200000000002,6.503724394976358,1322331,253,20.2
5451,20th week,Maharashtra,Ahmednagar,Dengue,13,,23,4,2013,19.1627725,74.8580243,0.0005994831715,,320.8,47.650000000000034,1.6137058005332987,4543159,266,22.4
5452,20th week,Maharashtra,Gadchiroli,Malaria,42,,4,4,2013,19.75907035,80.16228073,0.009566447066,7.0,313.96,40.81,7.740406042365988,1072942,77,14.2
5471,21st week,Maharashtra,Sangli,Dengue,14,,17,4,2013,17.1726928,74.58676543,0.003007406395,5.0,318.94,45.79000000000002,3.279358693076658,2822143,329,32.8
5488,22nd week,Maharashtra,Chandrapur,Dengue,110,,7,4,2013,20.0967555,79.50454752,0.04769793704,,314.0933334,40.94333340000003,8.098369807400914,2204307,192,32.4
5489,22nd week,Maharashtra,Kolhapur,Dengue,11,,19,5,2013,16.7028412,74.2405329,0.01053841209,6.0,312.255,39.10500000000002,9.251859607173834,3876001,504,35.6
5490,22nd week,Maharashtra,Raigad,Malaria,30,,14,5,2013,18.4928092,73.13807095,0.005519854204,8.0,312.7033334,39.55333340000004,8.795060972859039,2635394,368,36.9
5524,24th week,Maharashtra,Dhule,Dengue,35,1.0,13,6,2013,21.13170235,74.48990147,0.5264219424,3.0,309.2333334,36.083333400000015,18.338255078971734,2050862,285,35.4
5550,25th week,Maharashtra,Sangli,Dengue,38,1.0,8,6,2013,17.1726928,74.58676543,0.9695302847,5.0,310.43333340000004,37.28333340000006,22.805245545854387,2822143,329,32.8
5571,26th week,Maharashtra,Thane,Malaria,11,,26,6,2013,19.1943294,72.9701779,0.8130746753,,,,17.609576433229666,11060148,1157,72.1
5585,26th week,Maharashtra,Nashik,Malaria,25,,14,6,2013,20.0112475,73.7902364,0.6287406888,2.0,309.0933334,35.94333340000003,19.736517073742444,6107187,393,38.3
5630,28th week,Maharashtra,Raigad,Malaria,34,,8,7,2013,18.4928092,73.13807095,1.196330382,2.0,,,17.609576433229666,2635394,368,36.9
5698,30th week,Maharashtra,Thane,Malaria,37,,17,7,2013,19.1943294,72.9701779,2.168992828,1.0,,,17.609576433229666,11060148,1157,72.1
5717,30th week,Maharashtra,Aurangabad,Dengue,21,,30,6,2013,19.877263,75.3390241,0.8336507839,3.0,,,17.609576433229666,3701282,365,42.3
5718,30th week,Maharashtra,Beed,Dengue,24,,9,7,2013,18.9918442,75.909784,0.2396789167,2.0,290.88,17.730000000000018,30.90424337511934,2585049,268,19.1
5745,31st week,Maharashtra,Raigad,Dengue,50,,19,7,2013,18.4928092,73.13807095,2.505998961,,301.76,28.610000000000014,49.5806541404631,2635394,368,36.9
5778,32nd week,Maharashtra,Jalgaon,Dengue,31,,30,7,2013,20.84288265,75.52612464,1.050378125,7.0,,,17.609576433229666,4224442,359,38.1
5779,32nd week,Maharashtra,Nagpur,Dengue,12,,17,7,2013,21.1498134,79.0820556,1.853925705,1.0,,,17.609576433229666,4653171,470,45.2
5812,34th week,Maharashtra,Gadchiroli,Dengue,13,1.0,16,8,2013,19.75907035,80.16228073,0.8773654752,6.0,,,17.609576433229666,1072942,77,14.2
5828,34th week,Maharashtra,Kolhapur,Dengue,17,,13,8,2013,16.7028412,74.2405329,0.1271391726,,302.82,29.670000000000016,19.001935092377355,3876001,504,35.6
5843,35th week,Maharashtra,Jalgaon,Dengue,104,,27,8,2013,20.84288265,75.52612464,1.691385161,7.0,284.86,11.710000000000036,54.29001432906156,4224442,359,38.1
5864,35th week,Maharashtra,Jalgaon,Dengue,28,,20,8,2013,20.84288265,75.52612464,0.1097119038,,300.1,26.950000000000045,21.176657147063676,4224442,359,38.1
5865,35th week,Maharashtra,Wardha,Malaria,70,,4,7,2013,20.82562315,78.6131455,0.9050800694,,,,17.609576433229666,1300774,187,31.8
5942,38th week,Maharashtra,Gadchiroli,Malaria,12,1.0,17,9,2013,19.75907035,80.16228073,0.7090043756,14.0,302.12,28.970000000000027,26.869004386264265,1072942,77,14.2
5968,39th week,Maharashtra,Nashik,Dengue,16,,23,9,2013,20.0112475,73.7902364,1.12911524,8.0,297.95,24.80000000000001,35.771651257968315,6107187,393,38.3
5976,39th week,Maharashtra,Beed,Dengue,14,,17,9,2013,18.9918442,75.909784,0.7619521914,13.0,301.28000000000003,28.130000000000052,28.267545364783103,2585049,268,19.1
5986,40th week,Maharashtra,Nashik,Dengue,14,,27,9,2013,20.0112475,73.7902364,1.667842004,8.0,298.77,25.620000000000005,41.76445167001699,6107187,393,38.3
5987,40th week,Maharashtra,Nashik,Dengue,14,,26,9,2013,20.0112475,73.7902364,1.67262462,8.0,297.95,24.80000000000001,42.54514551228004,6107187,393,38.3
5997,40th week,Maharashtra,Ahmednagar,Dengue,27,,4,9,2013,19.1627725,74.8580243,0.04018903263,11.0,308.145,34.995000000000005,13.235626793862835,4543159,266,22.4
5999,40th week,Maharashtra,Wardha,Dengue,12,1.0,2,9,2013,20.82562315,78.6131455,0.2041113518,20.0,303.25,30.100000000000023,19.58306931604824,1300774,187,31.8
6024,41st week,Maharashtra,Ahmednagar,Dengue,17,,17,9,2013,19.1627725,74.8580243,1.019560666,12.0,302.872,29.722000000000037,30.078024399866653,4543159,266,22.4
6051,42nd week,Maharashtra,Ahmednagar,Dengue,18,,2,10,2013,19.1627725,74.8580243,0.178340962,14.0,303.856,30.706000000000017,18.729002021125464,4543159,266,22.4
6061,43rd week,Maharashtra,Beed,Dengue,10,,16,10,2013,18.9918442,75.909784,0.2564309264,,301.36400000000003,28.214000000000055,21.893610796599823,2585049,268,19.1
6062,43rd week,Maharashtra,Beed,Dengue,13,,18,10,2013,18.9918442,75.909784,0.1287272119,15.0,301.8766666,28.726666600000044,19.851273218938058,2585049,268,19.1
6124,45th week,Maharashtra,Ahmednagar,Dengue,22,,2,10,2013,19.1627725,74.8580243,0.178340962,14.0,303.856,30.706000000000017,18.729002021125464,4543159,266,22.4
6125,45th week,Maharashtra,Nashik,Dengue,10,,26,9,2013,20.0112475,73.7902364,1.67262462,8.0,297.95,24.80000000000001,42.54514551228004,6107187,393,38.3
6146,46th week,Maharashtra,Nandurbar,Malaria,22,,28,10,2013,21.51450155,74.54070115,0.01294733007,11.0,306.6,33.450000000000045,14.254766510953823,1648295,276,20.1
6156,47th week,Maharashtra,Ahmednagar,Dengue,37,,9,9,2013,19.1627725,74.8580243,0.05936781401,11.0,308.568,35.418000000000006,13.102665531968064,4543159,266,22.4
6157,47th week,Maharashtra,Ahmednagar,Dengue,42,1.0,24,10,2013,19.1627725,74.8580243,0.02859810192,,305.528,32.37800000000004,15.392508313303344,4543159,266,22.4
6158,47th week,Maharashtra,Chandrapur,Dengue,57,,1,10,2013,20.0967555,79.50454752,0.0773537682,22.0,302.668,29.51800000000003,18.515149242001566,2204307,192,32.4
6159,47th week,Maharashtra,Thane,Dengue,54,,22,10,2013,19.1943294,72.9701779,0.2187556603,24.0,302.07,28.920000000000016,20.80324093684041,11060148,1157,72.1
6170,48th week,Maharashtra,Raigad,Dengue,60,,25,10,2013,18.4928092,73.13807095,0.0145674039,21.0,302.6966666,29.546666600000037,17.707464389469543,2635394,368,36.9
6171,48th week,Maharashtra,Thane,Dengue,52,,19,11,2013,19.1943294,72.9701779,5.58e-05,15.0,304.2866666,31.136666600000012,16.128401394539207,11060148,1157,72.1
6177,49th week,Maharashtra,Ahmednagar,Dengue,15,1.0,21,11,2013,19.1627725,74.8580243,5.19e-05,9.0,306.0,32.85000000000002,14.62168414217602,4543159,266,22.4
6219,2nd week,Maharashtra,Pune,Dengue,17,,20,12,2011,18.521428,73.8544541,7.14e-05,9.0,302.40000000000003,29.250000000000057,17.78768995718862,9429408,603,61.3
6235,4th week,Maharashtra,Pune,Dengue,17,,20,12,2011,18.521428,73.8544541,7.14e-05,9.0,302.40000000000003,29.250000000000057,17.78768995718862,9429408,603,61.3
6290,12th week,Maharashtra,Sangli,Dengue,71,,6,3,2012,17.1726928,74.58676543,5.56e-05,4.0,314.5333334,41.383333400000026,7.117699863709472,2822143,329,32.8
6378,19th week,Maharashtra,Bhandara,Dengue,18,2.0,7,5,2012,21.12304765,79.79390882,0.003808100646,,320.99,47.84000000000003,1.486611321273291,1200334,293,19.8
6397,19th week,Maharashtra,Nashik,Dengue,16,,20,4,2012,20.0112475,73.7902364,0.00453315594,5.0,316.672,43.52200000000005,5.292803932391225,6107187,393,38.3
6415,20th week,Maharashtra,Raigad,Dengue,167,,8,5,2012,18.4928092,73.13807095,0.001290552815,,313.23,40.08000000000004,8.279213923955401,2635394,368,36.9
6416,20th week,Maharashtra,Solapur,Dengue,65,,6,4,2012,17.6912883,75.8841635,0.008667705151,,317.17,44.02000000000004,4.906400297293842,4315527,290,33.7
6418,20th week,Maharashtra,Chandrapur,Dengue,50,,2,5,2012,20.0967555,79.50454752,0.03155863317,5.0,317.76,44.610000000000014,4.672845503076599,2204307,192,32.4
6444,21st week,Maharashtra,Gadchiroli,Dengue,7,,13,5,2012,19.75907035,80.16228073,0.02881348535,8.0,317.976,44.82600000000002,4.448688287145262,1072942,77,14.2
6445,21st week,Maharashtra,Pune,Dengue,6,1.0,7,5,2012,18.521428,73.8544541,0.0004693079357,,317.368,44.21800000000002,4.630110688405276,9429408,603,61.3
6476,22nd week,Maharashtra,Raigad,Dengue,23,,19,5,2012,18.4928092,73.13807095,0.003096761523,9.0,313.7933334,40.64333340000002,7.806340517623776,2635394,368,36.9
6509,24th week,Maharashtra,Raigad,Dengue,29,,7,6,2012,18.4928092,73.13807095,0.06133107753,7.0,307.66,34.51000000000005,13.925608462096745,2635394,368,36.9
6567,26th week,Maharashtra,Raigad,Dengue,11,,20,6,2012,18.4928092,73.13807095,0.9525169582,7.0,305.4133334,32.26333340000002,27.007697038201727,2635394,368,36.9
6574,26th week,Maharashtra,Thane,Dengue,11,1.0,18,6,2012,19.1943294,72.9701779,0.8124726194,8.0,311.61333340000004,38.46333340000007,19.810245210933957,11060148,1157,72.1
6593,27th week,Maharashtra,Ahmednagar,Malaria,159,,22,6,2012,19.1627725,74.8580243,0.3336660041,3.0,310.492,37.34200000000004,14.829186730543473,4543159,266,22.4
6594,27th week,Maharashtra,Bhandara,Dengue,69,2.0,28,5,2012,21.12304765,79.79390882,5.48e-05,3.0,321.85,48.700000000000045,0.6835701957306137,1200334,293,19.8
6791,34th week,Maharashtra,Raigad,Malaria,49,,31,7,2012,18.4928092,73.13807095,1.476298942,3.0,291.98,18.83000000000004,45.34832361149257,2635394,368,36.9
6842,37th week,Maharashtra,Jalgaon,Dengue,130,,29,8,2012,20.84288265,75.52612464,0.5614365342,9.0,304.66,31.510000000000048,22.796316297934784,4224442,359,38.1
6845,37th week,Maharashtra,Kolhapur,Dengue,20,,16,7,2012,16.7028412,74.2405329,0.2606492405,5.0,307.55,34.400000000000034,16.506345865150866,3876001,504,35.6
6849,37th week,Maharashtra,Thane,Malaria,87,,3,7,2012,19.1943294,72.9701779,0.5089628613,,303.14,29.99000000000001,23.47901772127355,11060148,1157,72.1
6865,38th week,Maharashtra,Beed,Dengue,32,,14,9,2012,18.9918442,75.909784,0.2390057587,7.0,306.98,33.83000000000004,16.737859406536153,2585049,268,19.1
6890,39th week,Maharashtra,Osmanabad,Dengue,35,,10,9,2012,18.16984395,76.11796321,0.3708471616,7.0,301.8333334,28.683333400000038,22.90680321263627,1660311,219,25.7
6920,41st week,Maharashtra,Beed,Dengue,15,,29,9,2012,18.9918442,75.909784,0.07518227519,,306.6366666,33.486666600000035,14.998126678251392,2585049,268,19.1
6922,41st week,Maharashtra,Jalgaon,Dengue,32,,1,10,2012,20.84288265,75.52612464,0.03038933806,15.0,304.0933334,30.94333340000003,16.676446662860315,4224442,359,38.1
6925,41st week,Maharashtra,Ahmednagar,Dengue,283,,22,9,2012,19.1627725,74.8580243,0.3565896413,10.0,304.884,31.734000000000037,20.046427855379576,4543159,266,22.4
6928,42nd week,Maharashtra,Aurangabad,Dengue,63,1.0,12,10,2012,19.877263,75.3390241,0.09692533263,14.0,305.7333334,32.583333400000015,16.063471719468446,3701282,365,42.3
6929,42nd week,Maharashtra,Dhule,Dengue,10,,12,10,2012,21.13170235,74.48990147,0.02264765343,14.0,307.492,34.34200000000004,13.591251273872128,2050862,285,35.4
6933,42nd week,Maharashtra,Ahmednagar,Dengue,37,,21,9,2012,19.1627725,74.8580243,0.2206165836,,304.22,31.07000000000005,18.93576883090495,4543159,266,22.4
6934,42nd week,Maharashtra,Thane,Dengue,18,,10,8,2012,19.1943294,72.9701779,1.187703623,3.0,,,17.609576433229666,11060148,1157,72.1
6947,44th week,Maharashtra,Beed,Dengue,33,,22,10,2012,18.9918442,75.909784,0.02021514221,,312.15000000000003,39.00000000000006,9.464790757733356,2585049,268,19.1
6948,44th week,Maharashtra,Beed,Dengue,14,1.0,25,10,2012,18.9918442,75.909784,0.06779953158,10.0,309.65000000000003,36.50000000000006,12.256258349799024,2585049,268,19.1
6950,44th week,Maharashtra,Dhule,Dengue,31,,29,10,2012,21.13170235,74.48990147,0.005982850584,10.0,310.3,37.150000000000034,10.914270923685244,2050862,285,35.4
6962,45th week,Maharashtra,Dhule,Dengue,23,,5,11,2012,21.13170235,74.48990147,0.0001290114255,7.0,306.4033334,33.25333340000003,14.267962402291312,2050862,285,35.4
6963,45th week,Maharashtra,Thane,Dengue,25,1.0,6,11,2012,19.1943294,72.9701779,0.003189072117,17.0,301.5266666,28.37666660000002,18.59453465814161,11060148,1157,72.1
6965,45th week,Maharashtra,Ratnagiri,Dengue,30,,24,10,2012,17.2826079,73.4569787,0.04375049579,27.0,303.204,30.05400000000003,17.625021022334074,1612672,196,22.3
6973,46th week,Maharashtra,Beed,Dengue,10,,12,11,2012,18.9918442,75.909784,0.007585506742,8.0,308.0466666,34.8966666,12.915777119375708,2585049,268,19.1
6976,46th week,Maharashtra,Aurangabad,Dengue,22,,21,10,2012,19.877263,75.3390241,6.86e-05,11.0,309.136,35.98600000000005,11.864161119492845,3701282,365,42.3
6977,46th week,Maharashtra,Beed,Dengue,10,,3,11,2012,18.9918442,75.909784,0.1587861116,7.0,307.948,34.798,14.886882343644919,2585049,268,19.1
6985,47th week,Maharashtra,Nashik,Dengue,20,,8,11,2012,20.0112475,73.7902364,0.0002178314227,,305.06333340000003,31.913333400000056,15.447436585851177,6107187,393,38.3
6994,48th week,Maharashtra,Kolhapur,Dengue,41,,12,11,2012,16.7028412,74.2405329,0.0394037879,10.0,305.42,32.27000000000004,15.62214722980761,3876001,504,35.6
7005,49th week,Maharashtra,Ahmednagar,Dengue,11,,26,11,2012,19.1627725,74.8580243,0.0005671242033,6.0,306.5433334,33.39333340000002,14.150309392101414,4543159,266,22.4
7006,49th week,Maharashtra,Dhule,Dengue,26,,26,11,2012,21.13170235,74.48990147,2.4e-05,6.0,308.06,34.910000000000025,12.809816615855087,2050862,285,35.4
7007,49th week,Maharashtra,Osmanabad,Dengue,16,1.0,22,10,2012,18.16984395,76.11796321,0.1760734899,,311.41,38.26000000000005,12.057918013998954,1660311,219,25.7
7008,49th week,Maharashtra,Ratnagiri,Dengue,21,,22,11,2012,17.2826079,73.4569787,5.62e-05,17.0,304.49333340000004,31.343333400000063,15.946668027712487,1612672,196,22.3
7016,50th week,Maharashtra,Nashik,Dengue,22,1.0,10,12,2012,20.0112475,73.7902364,0.0508465061,,303.9566666,30.806666600000028,17.05157629650546,6107187,393,38.3
7020,50th week,Maharashtra,Amravati,Dengue,87,1.0,15,11,2012,20.9521098,77.7333168,6.51e-05,,306.812,33.662000000000035,13.907793261186537,2888445,237,40.5
7021,50th week,Maharashtra,Thane,Malaria,9,1.0,14,10,2012,19.1943294,72.9701779,0.1001718731,,302.688,29.53800000000001,18.781932664536708,11060148,1157,72.1
7022,50th week,Maharashtra,Thane,Malaria,10,1.0,13,9,2012,19.1943294,72.9701779,0.9996545403,,298.085,24.935000000000002,34.03952913319613,11060148,1157,72.1
7029,51st week,Maharashtra,Dhule,Dengue,12,,17,12,2012,21.13170235,74.48990147,6.8e-05,,307.344,34.19400000000002,13.440000011524845,2050862,285,35.4
7030,51st week,Maharashtra,Thane,Dengue,10,1.0,1,10,2012,19.1943294,72.9701779,0.254787485,25.0,301.89,28.74000000000001,21.410576262498672,11060148,1157,72.1
7119,10th week,Maharashtra,Sindhudurg,Dengue,10,0.0,23,2,2011,16.1357193,73.6522086,5.16e-05,15.0,304.5666666,31.416666600000042,15.882123056731823,849651,168,22.4
7179,16th week,Maharashtra,Nashik,Malaria,61,1.0,17,4,2011,20.0112475,73.7902364,0.006124711444,5.0,315.97200000000004,42.82200000000006,5.928203706163037,6107187,393,38.3
7245,20th week,Maharashtra,Ahmednagar,Malaria,30,0.0,20,5,2011,19.1627725,74.8580243,0.03103257406,4.0,316.67,43.52000000000004,5.6248121074189275,4543159,266,22.4
7251,20th week,Maharashtra,Thane,Malaria,20,0.0,2,5,2011,19.1943294,72.9701779,0.01414423926,8.0,314.788,41.638000000000034,7.06933140700019,11060148,1157,72.1
7257,20th week,Maharashtra,Sindhudurg,Dengue,5,0.0,10,5,2011,16.1357193,73.6522086,0.03387456061,17.0,309.056,35.906000000000006,12.355818723241464,849651,168,22.4
7265,21st week,Maharashtra,Thane,Malaria,17,0.0,28,5,2011,19.1943294,72.9701779,0.08811730195,9.0,313.812,40.662000000000035,8.84949534120732,11060148,1157,72.1
7433,28th week,Maharashtra,Ratnagiri,Malaria,50,0.0,13,7,2011,17.2826079,73.4569787,1.874268349,5.0,298.6666666,25.516666600000008,44.4279124391017,1612672,196,22.3
7478,29th week,Maharashtra,Thane,Dengue,32,0.0,6,7,2011,19.1943294,72.9701779,0.3124026777,8.0,299.08,25.930000000000007,24.599660251768483,11060148,1157,72.1
7479,29th week,Maharashtra,Thane,Dengue,11,0.0,4,7,2011,19.1943294,72.9701779,0.4675601562,,300.62,27.470000000000027,25.17906981055183,11060148,1157,72.1
7501,30th week,Maharashtra,Akola,Malaria,41,0.0,27,7,2011,20.76181225,77.19211567,0.5208832049,,309.8,36.650000000000034,17.770914019623547,1818617,321,43.2
7539,31st week,Maharashtra,Nashik,Dengue,2,1.0,26,7,2011,20.0112475,73.7902364,0.5663983237,4.0,277.14,3.990000000000009,47.05865049610317,6107187,393,38.3
7558,32nd week,Maharashtra,Jalna,Malaria,14,1.0,6,8,2011,19.91883295,75.87085986,0.4952336925,7.0,,,17.609576433229666,1958483,253,21.7
7597,33rd week,Maharashtra,Jalgaon,Malaria,11,0.0,22,7,2011,20.84288265,75.52612464,0.5249020534,4.0,,,17.609576433229666,4224442,359,38.1
7674,36th week,Maharashtra,Jalna,Dengue,20,0.0,3,9,2011,19.91883295,75.87085986,0.8533028042,8.0,,,17.609576433229666,1958483,253,21.7
7731,38th week,Maharashtra,Pune,Dengue,11,1.0,27,8,2011,18.521428,73.8544541,0.6595170596,7.0,296.92,23.77000000000004,30.825036410064342,9429408,603,61.3
7764,39th week,Maharashtra,Pune,Dengue,11,1.0,27,8,2011,18.521428,73.8544541,0.6595170596,7.0,296.92,23.77000000000004,30.825036410064342,9429408,603,61.3
7882,45th week,Maharashtra,Beed,Dengue,19,1.0,13,10,2011,18.9918442,75.909784,0.1481267175,17.0,307.365,34.21500000000003,15.266717173123812,2585049,268,19.1
7900,46th week,Maharashtra,Ahmednagar,Dengue,10,0.0,4,11,2011,19.1627725,74.8580243,0.001616428911,9.0,306.872,33.72200000000004,13.874364009038098,4543159,266,22.4
7910,47th week,Maharashtra,Gadchiroli,Malaria,40,1.0,22,11,2011,19.75907035,80.16228073,9.14e-05,18.0,302.78000000000003,29.630000000000052,17.453775356821286,1072942,77,14.2
7952,50th week,Maharashtra,Raigad,Dengue,47,1.0,7,12,2011,18.4928092,73.13807095,8.4e-05,14.0,305.5233334,32.373333400000035,15.041254574588125,2635394,368,36.9
7954,50th week,Maharashtra,Nashik,Dengue,6,1.0,9,12,2011,20.0112475,73.7902364,4.46e-05,8.0,306.06333340000003,32.913333400000056,14.56589913207116,6107187,393,38.3
7961,50th week,Maharashtra,Ahmednagar,Dengue,9,0.0,23,11,2011,19.1627725,74.8580243,8.71e-05,8.0,308.1666666,35.01666660000001,12.716802680090106,4543159,266,22.4
7963,50th week,Maharashtra,Thane,Malaria,124,0.0,16,11,2011,19.1943294,72.9701779,2.74e-05,,305.0333334,31.883333400000026,15.471444687863414,11060148,1157,72.1
7987,4th week,Maharashtra,Beed,Dengue,90,,13,1,2010,18.9918442,75.909784,0.07696288843,7.0,303.1733334,30.023333400000013,18.06589854188065,2585049,268,19.1
7997,7th week,Maharashtra,Dhule,Malaria,24,,6,2,2010,21.13170235,74.48990147,0.008374208036,4.0,305.48,32.33000000000004,15.18267788615658,2050862,285,35.4
8046,16th week,Maharashtra,Beed,Dengue,22,,13,4,2010,18.9918442,75.909784,0.002298408724,4.0,318.728,45.57800000000003,3.4569510519148716,2585049,268,19.1
8260,27th week,Maharashtra,Nashik,Malaria,24,,29,6,2010,20.0112475,73.7902364,0.3902859478,7.0,306.84000000000003,33.690000000000055,18.746304156223182,6107187,393,38.3
8528,41st week,Maharashtra,Solapur,Malaria,21,,30,9,2010,17.84990665,75.27632027,0.4142228389,,303.9266666,30.7766666,21.60654095444901,4315527,290,33.7
8553,43rd week,Maharashtra,Dhule,Malaria,53,1.0,9,10,2010,21.13170235,74.48990147,0.02104113884,11.0,308.144,34.99400000000003,12.997875242866893,2050862,285,35.4
8601,47th week,Maharashtra,Dhule,Malaria,13,,8,11,2010,21.13170235,74.48990147,0.009188413196,,306.22,33.07000000000005,14.54208480057599,2050862,285,35.4
8854,38th week,Maharashtra,Nashik,Malaria,34,1.0,12,9,2009,20.0112475,73.7902364,0.2447636287,15.0,300.7866666,27.636666600000012,22.255901524987834,6107187,393,38.3
8855,38th week,Maharashtra,Nashik,Dengue,57,0.0,15,9,2009,20.0112475,73.7902364,0.3437777824,21.0,301.06,27.910000000000025,23.24950345311875,6107187,393,38.3
8860,38th week,Maharashtra,Nashik,Dengue,39,0.0,31,8,2009,20.0112475,73.7902364,0.4474799293,6.0,295.82,22.670000000000016,29.149836726127138,6107187,393,38.3
8964,50th week,Maharashtra,Ratnagiri,Malaria,20,2.0,9,12,2009,17.2826079,73.4569787,6.93e-05,14.0,301.868,28.718000000000018,18.25549317686303,1612672,196,22.3
1,2nd week,Maharashtra,Mumbai,Malaria,0,0.0,10,1,2022,19.75907035,80.16228073,0.007479298714,9.0,299.97,26.82000000000005,20.016900899479204,30854169,20850,100.0
1,2nd week,Maharashtra,Mumbai Suburban,Malaria,0,0.0,10,1,2022,19.75907035,80.16228073,0.007479298714,9.0,299.97,26.82000000000005,20.016900899479204,9367023,20000,100.0
1,2nd week,Maharashtra,Yavatmal,Malaria,0,0.0,10,1,2022,19.75907035,80.16228073,0.007479298714,9.0,299.97,26.82000000000005,20.016900899479204,2775457,204,21.4
