Unnamed: 0,week_of_outbreak,state_ut,district,Disease,Cases,Deaths,day,mon,year,Latitude,Longitude,preci,LAI,Temp
1,2nd week,Maharashtra,Gadchiroli,Malaria,7,2.0,10,1,2022,19.75907035,80.16228073,0.007479298714,9.0,299.97
7,6th week,Maharashtra,Gadchiroli,Malaria,1,1.0,9,2,2022,19.75907035,80.16228073,8.36e-05,,300.06333340000003
37,12th week,Maharashtra,Raigad,Dengue,11,,21,3,2022,18.4928092,73.13807095,0.0001800343472,,312.184
91,19th week,Maharashtra,Jalgaon,Dengue,9,1.0,6,5,2022,20.84288265,75.52612464,0.0001810070481,4.0,319.8166666
105,20th week,Maharashtra,Pune,Dengue,21,,16,5,2022,18.521428,73.8544541,0.008698042455,,309.265
108,20th week,Maharashtra,Pune,Dengue,12,,23,4,2022,18.521428,73.8544541,0.01502899002,,314.96
115,21st week,Maharashtra,Chandrapur,Malaria,13,1.0,25,5,2022,20.0967555,79.50454752,0.006072435084,,314.545
134,22nd week,Maharashtra,Gadchiroli,Malaria,310,1.0,29,5,2022,19.75907035,80.16228073,0.00876199396,10.0,311.0866666
158,23rd week,Maharashtra,Chandrapur,Malaria,3,1.0,4,6,2022,20.0967555,79.50454752,0.006238415131,6.0,311.32
183,24th week,Maharashtra,Gondia,Malaria,47,1.0,13,6,2022,21.455228,80.1962729,0.02882213092,7.0,311.61
194,3rd week,Maharashtra,Gadchiroli,Malaria,2,1.0,20,1,2021,19.75907035,80.16228073,2.27e-05,13.0,302.15000000000003
199,4th week,Maharashtra,Gadchiroli,Malaria,10,1.0,26,1,2021,19.75907035,80.16228073,7.83e-06,14.0,302.7
208,5th week,Maharashtra,Thane,Malaria,2,1.0,6,1,2021,19.1943294,72.9701779,0.02576509704,12.0,302.99
220,7th week,Maharashtra,Satara,Dengue,19,,16,2,2021,17.63612885,74.29827808,5.4e-05,6.0,307.9866666
259,16th week,Maharashtra,Satara,Dengue,7,,15,4,2021,17.63612885,74.29827808,0.1527963029,,313.9833334
264,16th week,Maharashtra,Satara,Dengue,31,1.0,5,4,2021,17.63612885,74.29827808,7.5e-05,5.0,317.92
270,19th week,Maharashtra,Thane,Malaria,2,1.0,2,5,2021,19.1943294,72.9701779,0.1122390997,10.0,314.216
276,20th week,Maharashtra,Thane,Dengue,2,1.0,29,4,2021,19.1943294,72.9701779,0.1043926176,9.0,315.4666666
299,25th week,Maharashtra,Sindhudurg,Dengue,62,,25,6,2021,16.1357193,73.6522086,0.833671811,,298.11
304,25th week,Maharashtra,Kolhapur,Dengue,5,3.0,15,6,2021,16.7028412,74.2405329,0.4365472546,7.0,305.93
315,26th week,Maharashtra,Pune,Dengue,6,,24,6,2021,18.521428,73.8544541,0.3569411311,10.0,301.40500000000003
323,27th week,Maharashtra,Amravati,Dengue,3,1.0,1,7,2021,20.9521098,77.7333168,0.2668179381,4.0,312.8466666
332,28th week,Maharashtra,Akola,Malaria,21,,16,7,2021,20.76181225,77.19211567,0.8712018327,5.0,302.98
333,28th week,Maharashtra,Amravati,Dengue,5,,12,7,2021,20.9521098,77.7333168,0.5008124671,,316.84000000000003
341,29th week,Maharashtra,Chandrapur,Dengue,58,1.0,3,7,2021,20.0967555,79.50454752,0.5816240733,,305.52
342,29th week,Maharashtra,Nagpur,Dengue,4,1.0,10,7,2021,21.1498134,79.0820556,0.5529516087,13.0,308.685
348,30th week,Maharashtra,Buldhana,Dengue,7,,1,7,2021,20.562845,76.40869861,0.4245402926,6.0,306.6533334
349,30th week,Maharashtra,Gadchiroli,Malaria,4,1.0,24,7,2021,19.75907035,80.16228073,1.087511221,9.0,
351,30th week,Maharashtra,Osmanabad,Dengue,4,,23,7,2021,18.16984395,76.11796321,1.374420463,8.0,300.42
358,31st week,Maharashtra,Amravati,Dengue,13,2.0,11,7,2021,20.9521098,77.7333168,0.3639732419,,316.98
360,31st week,Maharashtra,Gadchiroli,Malaria,28,1.0,31,7,2021,19.75907035,80.16228073,0.4106211557,6.0,301.65000000000003
365,31st week,Maharashtra,Raigad,Dengue,18,,11,6,2021,18.4928092,73.13807095,1.136541734,7.0,302.40000000000003
367,31st week,Maharashtra,Satara,Dengue,16,,16,7,2021,17.63612885,74.29827808,1.489691674,5.0,303.64
368,31st week,Maharashtra,Wardha,Dengue,4,,7,6,2021,20.82562315,78.6131455,0.08542046896,5.0,312.90000000000003
378,33rd week,Maharashtra,Chandrapur,Malaria,7,3.0,7,8,2021,20.0967555,79.50454752,0.1193885184,11.0,297.56
379,33rd week,Maharashtra,Thane,Dengue,5,,17,8,2021,19.1943294,72.9701779,0.4410657126,4.0,298.92
387,34th week,Maharashtra,Amravati,Dengue,22,3.0,18,8,2021,20.9521098,77.7333168,0.6170837983,17.0,304.7
389,34th week,Maharashtra,Satara,Dengue,15,,3,8,2021,17.63612885,74.29827808,0.111707267,8.0,302.32
392,35th week,Maharashtra,Akola,Dengue,3,,30,8,2021,20.76181225,77.19211567,0.1589494148,11.0,304.86
401,35th week,Maharashtra,Pune,Dengue,23,,7,6,2021,18.521428,73.8544541,1.023137245,8.0,304.635
409,36th week,Maharashtra,Jalgaon,Dengue,54,1.0,2,9,2021,20.84288265,75.52612464,0.8720325502,10.0,302.2666666
436,39th week,Maharashtra,Gadchiroli,Dengue,16,1.0,28,9,2021,19.75907035,80.16228073,0.6817132291,18.0,300.8
448,40th week,Maharashtra,Gadchiroli,Dengue,4,1.0,4,10,2021,19.75907035,80.16228073,0.3635032179,32.0,300.305
455,40th week,Maharashtra,Chandrapur,Dengue,7,,16,8,2021,20.0967555,79.50454752,0.03625636178,22.0,304.72
456,40th week,Maharashtra,Chandrapur,Malaria,9,,22,8,2021,20.0967555,79.50454752,0.8394995406,14.0,
466,41st week,Maharashtra,Beed,Dengue,6,,13,10,2021,18.9918442,75.909784,0.2914203975,17.0,301.925
489,42nd week,Maharashtra,Thane,Dengue,5,1.0,1,10,2021,19.1943294,72.9701779,0.5969992657,29.0,299.39
492,43rd week,Maharashtra,Gadchiroli,Malaria,10,1.0,25,10,2021,19.75907035,80.16228073,0.007116981315,28.0,301.528
500,44th week,Maharashtra,Gadchiroli,Malaria,1,1.0,1,11,2021,19.75907035,80.16228073,4.18e-05,,300.1733334
501,44th week,Maharashtra,Thane,Dengue,1,1.0,31,10,2021,19.1943294,72.9701779,0.0006784196466,,303.61333340000004
513,45th week,Maharashtra,Satara,Dengue,14,,16,10,2021,17.63612885,74.29827808,0.08792806037,,304.776
518,46th week,Maharashtra,Raigad,Malaria,19,,11,11,2021,18.4928092,73.13807095,0.1463200544,21.0,302.16
523,47th week,Maharashtra,Thane,Dengue,1,1.0,1,11,2021,19.1943294,72.9701779,8.4e-05,,302.9566666
534,48th week,Maharashtra,Sindhudurg,Malaria,4,,24,11,2021,16.1357193,73.6522086,0.312929701,,300.02
549,50th week,Maharashtra,Satara,Dengue,13,,14,9,2021,17.63612885,74.29827808,0.6398437365,,300.14
565,4th week,Maharashtra,Kolhapur,Dengue,2,1.0,18,1,2020,16.7028412,74.2405329,6.03e-05,8.0,303.6533334
570,4th week,Maharashtra,Chandrapur,Malaria,23,1.0,16,1,2020,20.0967555,79.50454752,0.002697495648,,299.44
576,5th week,Maharashtra,Satara,Dengue,6,,18,1,2020,17.63612885,74.29827808,9.66e-05,8.0,304.48
577,5th week,Maharashtra,Thane,Dengue,6,,20,1,2020,19.1943294,72.9701779,0.0002913774879,11.0,301.43
610,16th week,Maharashtra,Gadchiroli,Malaria,14,1.0,3,4,2020,19.75907035,80.16228073,0.03302828467,11.0,310.624
618,18th week,Maharashtra,Chandrapur,Malaria,35,2.0,7,4,2020,20.0967555,79.50454752,0.004322479902,8.0,313.0966666
627,21st week,Maharashtra,Chandrapur,Dengue,5,,23,5,2020,20.0967555,79.50454752,0.003793196938,,311.028
628,21st week,Maharashtra,Washim,Dengue,6,,22,4,2020,20.28741775,77.2369655,0.0002937726392,,321.2
647,31st week,Maharashtra,Gadchiroli,Malaria,3,1.0,18,7,2020,19.75907035,80.16228073,0.6669874928,,
648,31st week,Maharashtra,Gadchiroli,Malaria,2,1.0,19,7,2020,19.75907035,80.16228073,0.594522564,,300.64
649,31st week,Maharashtra,Gadchiroli,Malaria,5,1.0,26,7,2020,19.75907035,80.16228073,1.132628174,,
656,36th week,Maharashtra,Wardha,Dengue,6,,7,8,2020,20.82562315,78.6131455,0.5529784197,4.0,302.74
658,40th week,Maharashtra,Amravati,Dengue,5,,24,9,2020,20.9521098,77.7333168,1.329761391,16.0,302.56
666,44th week,Maharashtra,Gadchiroli,Malaria,8,1.0,23,10,2020,19.75907035,80.16228073,0.06252674788,,302.28000000000003
681,48th week,Maharashtra,Osmanabad,Dengue,9,,11,11,2020,18.16984395,76.11796321,8.75e-05,7.0,307.676
683,48th week,Maharashtra,Pune,Dengue,16,1.0,18,11,2020,18.521428,73.8544541,0.001230150582,16.0,303.496
685,48th week,Maharashtra,Satara,Dengue,30,,4,11,2020,17.63612885,74.29827808,0.004428378293,10.0,305.744
687,48th week,Maharashtra,Wardha,Dengue,4,,22,10,2020,20.82562315,78.6131455,0.1725683766,,302.92
691,49th week,Maharashtra,Pune,Dengue,5,,1,6,2020,18.521428,73.8544541,0.03381872236,,315.49
692,49th week,Maharashtra,Satara,Dengue,27,,13,11,2020,17.63612885,74.29827808,0.0001970981421,9.0,305.1966666
725,2nd week,Maharashtra,Gadchiroli,Malaria,3,1.0,7,1,2019,19.75907035,80.16228073,4.79e-05,12.0,300.236
727,2nd week,Maharashtra,Nashik,Dengue,27,1.0,28,10,2018,20.0112475,73.7902364,0.002509383523,10.0,308.124
734,4th week,Maharashtra,Thane,Dengue,9,1.0,15,1,2019,19.1943294,72.9701779,5.55e-05,9.0,304.524
760,9th week,Maharashtra,Kolhapur,Dengue,7,1.0,27,2,2019,16.7028412,74.2405329,0.0001514302351,5.0,312.42
854,23rd week,Maharashtra,Palghar,Dengue,8,,24,5,2019,19.684661,72.82491116,0.0002743511347,,314.75333340000003
855,23rd week,Maharashtra,Raigad,Dengue,24,,20,5,2019,18.4928092,73.13807095,0.0002675690383,9.0,315.3966666
862,24th week,Maharashtra,Sangli,Malaria,7,,4,6,2019,17.1726928,74.58676543,0.009114818469,7.0,312.47
877,24th week,Maharashtra,Sangli,Dengue,12,,29,5,2019,17.1726928,74.58676543,0.002000857702,6.0,315.91
893,25th week,Maharashtra,Kolhapur,Dengue,7,,15,6,2019,16.7028412,74.2405329,0.3320778241,6.0,308.01
894,25th week,Maharashtra,Satara,Dengue,6,,28,6,2019,17.63612885,74.29827808,0.4617648517,2.0,307.295
903,26th week,Maharashtra,Raigad,Dengue,15,,26,6,2019,18.4928092,73.13807095,0.4788856141,,305.8066666
934,28th week,Maharashtra,Sindhudurg,Malaria,1,1.0,6,7,2019,16.1357193,73.6522086,1.898631753,5.0,
941,28th week,Maharashtra,Thane,Dengue,5,1.0,1,7,2019,19.1943294,72.9701779,2.685362899,5.0,307.59000000000003
965,29th week,Maharashtra,Satara,Dengue,28,,3,6,2019,17.63612885,74.29827808,0.0004985160964,3.0,317.0733334
1040,34th week,Maharashtra,Kolhapur,Dengue,2,1.0,18,8,2019,16.7028412,74.2405329,0.1677742586,6.0,296.84000000000003
1052,34th week,Maharashtra,Chandrapur,Malaria,83,,12,8,2019,20.0967555,79.50454752,0.7642166746,,300.04
1053,34th week,Maharashtra,Satara,Dengue,15,,10,8,2019,17.63612885,74.29827808,2.153167766,3.0,
1062,35th week,Maharashtra,Ahmednagar,Dengue,40,,26,8,2019,19.1627725,74.8580243,0.1011150584,8.0,309.1333334
1063,35th week,Maharashtra,Kolhapur,Dengue,5,1.0,25,8,2019,16.7028412,74.2405329,0.2611705563,11.0,304.0933334
1064,35th week,Maharashtra,Kolhapur,Malaria,3,,29,8,2019,16.7028412,74.2405329,0.2183346464,,304.21
1065,35th week,Maharashtra,Nagpur,Dengue,23,1.0,28,8,2019,21.1498134,79.0820556,1.381845331,,
1080,35th week,Maharashtra,Ahmednagar,Dengue,32,,20,8,2019,19.1627725,74.8580243,0.1791402896,,309.24
1081,35th week,Maharashtra,Palghar,Dengue,143,,11,8,2019,19.684661,72.82491116,2.091814934,1.0,
1100,36th week,Maharashtra,Satara,Dengue,6,,30,7,2019,17.63612885,74.29827808,0.4156390387,2.0,
1101,36th week,Maharashtra,Thane,Dengue,61,4.0,20,7,2019,19.1943294,72.9701779,0.3855972868,,300.315
1102,36th week,Maharashtra,Thane,Dengue,4,1.0,16,8,2019,19.1943294,72.9701779,1.141720103,9.0,
1103,36th week,Maharashtra,Thane,Malaria,7,1.0,21,8,2019,19.1943294,72.9701779,0.4011060221,,299.1333334
1115,37th week,Maharashtra,Parbhani,Dengue,32,1.0,7,9,2019,19.29031365,76.60290343,0.904093517,9.0,
1116,37th week,Maharashtra,Sindhudurg,Dengue,8,,5,9,2019,16.1357193,73.6522086,2.923395664,,
1121,37th week,Maharashtra,Aurangabad,Dengue,53,1.0,3,9,2019,19.877263,75.3390241,0.3651017782,8.0,302.49
1122,37th week,Maharashtra,Thane,Dengue,6,1.0,30,8,2019,19.1943294,72.9701779,0.2849312583,14.0,300.9666666
1138,38th week,Maharashtra,Aurangabad,Dengue,67,3.0,12,9,2019,19.877263,75.3390241,0.5109091696,5.0,
1139,38th week,Maharashtra,Jalna,Dengue,9,1.0,6,9,2019,19.91883295,75.87085986,0.8986838949,,
1140,38th week,Maharashtra,Satara,Dengue,26,,27,8,2019,17.63612885,74.29827808,0.1166841354,9.0,305.3333334
1154,39th week,Maharashtra,Ahmednagar,Dengue,20,,25,9,2019,19.1627725,74.8580243,0.8857704141,15.0,302.0
1155,39th week,Maharashtra,Kolhapur,Dengue,6,,25,9,2019,16.7028412,74.2405329,0.5116805797,12.0,304.46500000000003
1156,39th week,Maharashtra,Nandurbar,Dengue,26,2.0,21,9,2019,21.51450155,74.54070115,0.9105038391,,302.65000000000003
1166,39th week,Maharashtra,Pune,Dengue,44,,1,9,2019,18.521428,73.8544541,0.405408928,9.0,301.895
1173,40th week,Maharashtra,Jalgaon,Dengue,42,1.0,27,9,2019,20.84288265,75.52612464,0.651715475,19.0,300.54
1174,40th week,Maharashtra,Nandurbar,Dengue,26,,30,9,2019,21.51450155,74.54070115,0.8655847464,,302.86
1188,40th week,Maharashtra,Pune,Dengue,82,,3,8,2019,18.521428,73.8544541,2.497719256,1.0,
1204,41st week,Maharashtra,Pune,Dengue,2,,8,8,2019,18.521428,73.8544541,4.012694379,5.0,
1205,41st week,Maharashtra,Sangli,Dengue,33,2.0,13,9,2019,17.1726928,74.58676543,0.3889180934,,300.15000000000003
1219,42nd week,Maharashtra,Ahmednagar,Dengue,27,1.0,12,10,2019,19.1627725,74.8580243,0.5139457242,16.0,304.1533334
1236,42nd week,Maharashtra,Latur,Dengue,28,,15,7,2019,18.35159075,76.75542361,0.5098842908,4.0,309.40000000000003
1237,42nd week,Maharashtra,Latur,Dengue,9,,3,9,2019,18.35159075,76.75542361,0.6187087164,9.0,303.2466666
1264,43rd week,Maharashtra,Jalgaon,Dengue,26,1.0,14,10,2019,20.84288265,75.52612464,0.03167748011,22.0,304.0966666
1267,43rd week,Maharashtra,Solapur,Dengue,10,,14,10,2019,17.6912883,75.8841635,0.5346480045,12.0,306.625
1271,44th week,Maharashtra,Buldhana,Dengue,98,,24,10,2019,20.562845,76.40869861,0.831913295,,301.62
1281,44th week,Maharashtra,Thane,Dengue,25,,10,9,2019,19.1943294,72.9701779,2.791678443,2.0,
1299,45th week,Maharashtra,Solapur,Dengue,11,1.0,20,9,2019,17.6912883,75.8841635,0.7313565149,6.0,310.28000000000003
1314,46th week,Maharashtra,Jalgaon,Dengue,8,1.0,24,10,2019,20.84288265,75.52612464,0.5594891162,,305.74
1315,46th week,Maharashtra,Kolhapur,Dengue,7,2.0,19,10,2019,16.7028412,74.2405329,0.4333649695,5.0,302.93
1330,47th week,Maharashtra,Beed,Dengue,16,,13,11,2019,18.9918442,75.909784,0.02363257748,11.0,304.6333334
1363,49th week,Maharashtra,Palghar,Dengue,16,,22,11,2019,19.684661,72.82491116,0.0008463301457,16.0,303.332
1380,51st week,Maharashtra,Chandrapur,Malaria,10,1.0,11,12,2019,20.0967555,79.50454752,9.38e-06,,300.325
1381,51st week,Maharashtra,Chandrapur,Dengue,34,2.0,7,10,2019,20.0967555,79.50454752,0.1414171169,,302.1966666
1386,1st week,Maharashtra,Gadchiroli,Malaria,13,1.0,31,12,2017,19.75907035,80.16228073,6.41e-05,13.0,300.156
1401,4th week,Maharashtra,Jalna,Dengue,11,,16,1,2018,19.91883295,75.87085986,0.0004715470776,,303.7133334
1435,10th week,Maharashtra,Nashik,Dengue,4,1.0,21,2,2018,20.0112475,73.7902364,0.0001015017778,6.0,307.69
1462,14th week,Maharashtra,Hingoli,Dengue,17,,20,3,2018,19.54140965,77.17376601,0.1180664855,3.0,314.168
1494,17th week,Maharashtra,Jalna,Dengue,18,1.0,2,4,2018,19.91883295,75.87085986,6.65e-05,4.0,321.6033334
1508,18th week,Maharashtra,Ahmednagar,Dengue,16,,17,4,2018,19.1627725,74.8580243,0.02182854143,5.0,315.6866666
1520,20th week,Maharashtra,Osmanabad,Dengue,11,,11,5,2018,18.16984395,76.11796321,0.002483980371,3.0,318.7933334
1587,24th week,Maharashtra,Sangli,Dengue,14,,19,5,2018,17.1726928,74.58676543,0.06999731627,7.0,312.956
1609,25th week,Maharashtra,Kolhapur,Dengue,5,1.0,10,6,2018,16.7028412,74.2405329,1.523413764,,309.11
1610,25th week,Maharashtra,Solapur,Dengue,7,1.0,19,5,2018,17.6912883,75.8841635,0.04581453271,4.0,314.572
1614,26th week,Maharashtra,Palghar,Dengue,10,,25,6,2018,19.684661,72.82491116,1.962859083,,306.46
1634,27th week,Maharashtra,Kolhapur,Dengue,69,,13,6,2018,16.7028412,74.2405329,1.33649679,6.0,299.66
1637,27th week,Maharashtra,Sangli,Dengue,10,1.0,25,6,2018,17.1726928,74.58676543,0.5813302829,,310.46
1638,27th week,Maharashtra,Satara,Dengue,26,,8,6,2018,17.63612885,74.29827808,0.6279875973,5.0,307.2266666
1666,29th week,Maharashtra,Gadchiroli,Malaria,15,1.0,14,7,2018,19.75907035,80.16228073,2.67674705,3.0,
1687,29th week,Maharashtra,Chandrapur,Dengue,35,,10,7,2018,20.0967555,79.50454752,3.618563972,5.0,
1688,29th week,Maharashtra,Chandrapur,Dengue,77,,15,5,2018,20.0967555,79.50454752,0.01662380146,6.0,318.176
1689,29th week,Maharashtra,Sangli,Dengue,13,,1,7,2018,17.1726928,74.58676543,0.1875941459,8.0,304.40000000000003
1719,31st week,Maharashtra,Kolhapur,Dengue,170,2.0,11,6,2018,16.7028412,74.2405329,1.483449569,6.0,307.16
1771,35th week,Maharashtra,Aurangabad,Dengue,4,1.0,2,9,2018,19.877263,75.3390241,0.1642335851,11.0,303.94
1783,35th week,Maharashtra,Satara,Dengue,13,,16,8,2018,17.63612885,74.29827808,0.201422166,4.0,301.86
1830,40th week,Maharashtra,Beed,Dengue,10,1.0,17,9,2018,18.9918442,75.909784,0.02392114196,12.0,310.38
1835,40th week,Maharashtra,Pune,Dengue,51,,23,9,2018,18.521428,73.8544541,0.1302601564,16.0,304.7333334
1837,40th week,Maharashtra,Satara,Dengue,39,,6,8,2018,17.63612885,74.29827808,0.1002392496,6.0,302.07
1838,40th week,Maharashtra,Wardha,Dengue,62,2.0,13,8,2018,20.82562315,78.6131455,0.8882798395,,
1871,44th week,Maharashtra,Amravati,Dengue,17,,25,10,2018,20.9521098,77.7333168,0.001005993219,10.0,310.9533334
1890,44th week,Maharashtra,Gadchiroli,Malaria,114,1.0,27,10,2018,19.75907035,80.16228073,0.005320785262,22.0,303.3566666
1907,46th week,Maharashtra,Nagpur,Dengue,15,,18,9,2018,21.1498134,79.0820556,0.02259216238,21.0,305.1633334
1909,46th week,Maharashtra,Nagpur,Dengue,18,1.0,23,8,2018,21.1498134,79.0820556,1.360221284,6.0,298.12
1910,46th week,Maharashtra,Nagpur,Dengue,52,1.0,11,9,2018,21.1498134,79.0820556,0.6023674312,20.0,301.61
1911,46th week,Maharashtra,Solapur,Dengue,16,1.0,25,10,2018,17.6912883,75.8841635,0.01100644841,7.0,313.58
1912,46th week,Maharashtra,Solapur,Dengue,7,1.0,31,10,2018,17.6912883,75.8841635,0.007979888095,,312.04400000000004
1917,47th week,Maharashtra,Nashik,Dengue,14,3.0,5,10,2018,20.0112475,73.7902364,0.199977881,20.0,304.168
1920,48th week,Maharashtra,Akola,Dengue,14,,30,11,2018,20.76181225,77.19211567,6.66e-05,8.0,307.208
1924,48th week,Maharashtra,Pune,Dengue,51,,4,10,2018,18.521428,73.8544541,0.3435667594,17.0,303.928
1936,50th week,Maharashtra,Akola,Dengue,8,,11,12,2018,20.76181225,77.19211567,0.01939602393,,303.944
1942,50th week,Maharashtra,Satara,Dengue,64,,29,9,2018,17.63612885,74.29827808,0.1610027176,,307.904
1951,1st week,Maharashtra,Sindhudurg,Malaria,2,1.0,2,1,2017,16.1357193,73.6522086,7.16e-05,17.0,303.80333340000004
1965,3rd week,Maharashtra,Sindhudurg,Malaria,1,1.0,20,1,2017,16.1357193,73.6522086,6.23e-05,14.0,302.504
2054,16th week,Maharashtra,Ratnagiri,Dengue,18,,11,4,2017,17.2826079,73.4569787,0.0006183158999,12.0,312.8466666
2149,23rd week,Maharashtra,Sindhudurg,Malaria,93,,1,6,2017,16.1357193,73.6522086,0.329188217,,303.93333340000004
2260,29th week,Maharashtra,Thane,Dengue,56,,2,5,2017,19.1943294,72.9701779,0.001320360972,7.0,318.0833334
2261,29th week,Maharashtra,Thane,Dengue,89,,29,4,2017,19.1943294,72.9701779,0.002979762189,7.0,318.384
2262,29th week,Maharashtra,Thane,Malaria,15,1.0,6,6,2017,19.1943294,72.9701779,0.3603882529,6.0,309.66400000000004
2263,29th week,Maharashtra,Thane,Malaria,26,1.0,11,2,2017,19.1943294,72.9701779,3.37e-05,7.0,306.53000000000003
2264,29th week,Maharashtra,Thane,Dengue,86,1.0,3,1,2017,19.1943294,72.9701779,7.53e-05,10.0,304.9466666
2279,30th week,Maharashtra,Gadchiroli,Malaria,127,1.0,20,7,2017,19.75907035,80.16228073,3.48293604,,
2323,32nd week,Maharashtra,Gadchiroli,Malaria,4,1.0,4,8,2017,19.75907035,80.16228073,0.2776156592,,302.99333340000004
2351,33rd week,Maharashtra,Satara,Dengue,26,,18,8,2017,17.63612885,74.29827808,0.1045410184,8.0,307.5133334
2402,35th week,Maharashtra,Sindhudurg,Malaria,11,,23,8,2017,16.1357193,73.6522086,1.135270023,13.0,298.35
2420,36th week,Maharashtra,Sangli,Dengue,11,,16,8,2017,17.1726928,74.58676543,0.1404045846,11.0,303.96
2422,36th week,Maharashtra,Kolhapur,Malaria,6,,25,7,2017,16.7028412,74.2405329,0.7284388265,7.0,298.91
2440,37th week,Maharashtra,Aurangabad,Dengue,18,,12,9,2017,19.877263,75.3390241,0.194173318,9.0,300.8533334
2453,38th week,Maharashtra,Nagpur,Dengue,5,,15,9,2017,21.1498134,79.0820556,1.03122049,13.0,300.6
2454,38th week,Maharashtra,Sindhudurg,Malaria,5,,16,9,2017,16.1357193,73.6522086,0.7414077077,11.0,302.0466666
2465,39th week,Maharashtra,Aurangabad,Dengue,25,,23,9,2017,19.877263,75.3390241,0.7067947874,19.0,301.12
2469,39th week,Maharashtra,Pune,Dengue,26,,12,5,2017,18.521428,73.8544541,0.08747467339,6.0,317.99
2470,39th week,Maharashtra,Pune,Dengue,8,1.0,29,7,2017,18.521428,73.8544541,0.8413701846,11.0,297.71
2471,39th week,Maharashtra,Pune,Dengue,6,1.0,29,8,2017,18.521428,73.8544541,0.7018421244,,300.3
2472,39th week,Maharashtra,Pune,Dengue,40,,19,8,2017,18.521428,73.8544541,0.2717663555,8.0,300.71
2475,39th week,Maharashtra,Pune,Dengue,13,2.0,28,9,2017,18.521428,73.8544541,0.2811133351,19.0,302.69333340000003
2484,40th week,Maharashtra,Nagpur,Dengue,529,4.0,4,10,2017,21.1498134,79.0820556,0.01103535607,25.0,303.94
2489,40th week,Maharashtra,Sangli,Dengue,58,,19,8,2017,17.1726928,74.58676543,0.1312180516,11.0,302.52
2510,41st week,Maharashtra,Jalgaon,Dengue,8,,30,9,2017,20.84288265,75.52612464,0.01302944824,,303.832
2511,41st week,Maharashtra,Thane,Dengue,7,1.0,23,9,2017,19.1943294,72.9701779,4.814444043,22.0,297.84000000000003
2512,41st week,Maharashtra,Thane,Malaria,1,1.0,14,9,2017,19.1943294,72.9701779,0.7747909967,,300.605
2523,42nd week,Maharashtra,Nashik,Dengue,7,1.0,1,10,2017,20.0112475,73.7902364,0.07059878798,19.0,303.25333340000003
2541,43rd week,Maharashtra,Beed,Dengue,50,2.0,19,10,2017,18.9918442,75.909784,0.1958354595,19.0,303.105
2552,44th week,Maharashtra,Beed,Dengue,19,1.0,28,10,2017,18.9918442,75.909784,0.007478004264,16.0,305.9033334
2553,44th week,Maharashtra,Parbhani,Dengue,14,,2,11,2017,19.29031365,76.60290343,0.003007790252,13.0,306.928
2570,45th week,Maharashtra,Satara,Dengue,23,,14,10,2017,17.63612885,74.29827808,0.7514111837,8.0,303.64
2571,45th week,Maharashtra,Satara,Dengue,28,,14,10,2017,17.63612885,74.29827808,0.7514111837,8.0,303.64
2572,45th week,Maharashtra,Thane,Dengue,24,3.0,9,10,2017,19.1943294,72.9701779,1.13654644,20.0,303.744
2586,46th week,Maharashtra,Ahmednagar,Dengue,10,1.0,8,11,2017,19.1627725,74.8580243,7.74e-05,,304.8166666
2591,47th week,Maharashtra,Kolhapur,Dengue,1,1.0,21,11,2017,16.7028412,74.2405329,0.05927338315,9.0,305.87
2597,47th week,Maharashtra,Kolhapur,Dengue,4,1.0,14,11,2017,16.7028412,74.2405329,2.57e-05,10.0,306.3333334
2599,47th week,Maharashtra,Pune,Dengue,3,1.0,6,11,2017,18.521428,73.8544541,6.91e-05,18.0,304.3333334
2600,47th week,Maharashtra,Pune,Dengue,1,1.0,28,10,2017,18.521428,73.8544541,0.0572075111,14.0,305.648
2602,47th week,Maharashtra,Satara,Dengue,18,,1,10,2017,17.63612885,74.29827808,0.2448074611,13.0,305.295
2604,47th week,Maharashtra,Satara,Dengue,16,,27,10,2017,17.63612885,74.29827808,0.04106051663,12.0,306.124
2606,48th week,Maharashtra,Beed,Dengue,6,,30,11,2017,18.9918442,75.909784,9.52e-05,10.0,305.3933334
2612,49th week,Maharashtra,Palghar,Dengue,20,,13,11,2017,19.684661,72.82491116,3e-05,13.0,305.14
2627,51st week,Maharashtra,Sindhudurg,Dengue,6,,12,12,2017,16.1357193,73.6522086,0.03444098766,21.0,300.79200000000003
2685,7th week,Maharashtra,Kolhapur,Dengue,7,1.0,12,2,2016,16.7028412,74.2405329,4.73e-05,5.0,307.5966666
2692,7th week,Maharashtra,Gadchiroli,Malaria,98,1.0,8,2,2016,19.75907035,80.16228073,7.18e-05,9.0,305.0766666
2693,7th week,Maharashtra,Pune,Dengue,22,,8,1,2016,18.521428,73.8544541,2.19e-05,,303.36400000000003
2738,13th week,Maharashtra,Beed,Dengue,11,1.0,29,2,2016,18.9918442,75.909784,0.02412643043,4.0,314.62
2739,13th week,Maharashtra,Kolhapur,Malaria,13,,30,3,2016,16.7028412,74.2405329,0.01202549065,5.0,315.2133334
2799,17th week,Maharashtra,Sangli,Dengue,25,,16,4,2016,17.1726928,74.58676543,8.26e-05,6.0,319.92400000000004
2800,17th week,Maharashtra,Sangli,Dengue,13,,16,4,2016,17.1726928,74.58676543,8.26e-05,6.0,319.92400000000004
2825,18th week,Maharashtra,Nashik,Dengue,20,1.0,25,4,2016,20.0112475,73.7902364,0.002772524939,5.0,316.8266666
2845,19th week,Maharashtra,Kolhapur,Dengue,33,1.0,4,5,2016,16.7028412,74.2405329,0.03786334578,5.0,317.61333340000004
2846,19th week,Maharashtra,Raigad,Dengue,26,,2,5,2016,18.4928092,73.13807095,0.001269255466,9.0,314.5933334
2847,19th week,Maharashtra,Sindhudurg,Dengue,23,,7,4,2016,16.1357193,73.6522086,0.01459097598,17.0,308.824
2869,20th week,Maharashtra,Nashik,Dengue,4,1.0,10,5,2016,20.0112475,73.7902364,0.09263780485,6.0,318.7666666
2980,23rd week,Maharashtra,Pune,Dengue,24,,24,4,2016,18.521428,73.8544541,0.01879334041,5.0,318.5566666
2981,23rd week,Maharashtra,Pune,Dengue,47,,4,4,2016,18.521428,73.8544541,0.000185409968,5.0,317.3333334
3001,24th week,Maharashtra,Nashik,Dengue,20,,13,6,2016,20.0112475,73.7902364,0.1453856864,4.0,313.712
3002,24th week,Maharashtra,Nashik,Dengue,12,,15,6,2016,20.0112475,73.7902364,0.1926391201,4.0,311.975
3050,25th week,Maharashtra,Chandrapur,Malaria,28,1.0,5,5,2016,20.0967555,79.50454752,0.09036653885,7.0,317.2066666
3229,30th week,Maharashtra,Kolhapur,Malaria,18,,28,7,2016,16.7028412,74.2405329,1.556754063,3.0,303.6
3258,30th week,Maharashtra,Satara,Dengue,21,,9,6,2016,17.63612885,74.29827808,0.4248655963,,308.03000000000003
3306,31st week,Maharashtra,Jalna,Dengue,12,1.0,24,7,2016,19.91883295,75.87085986,0.5742483549,3.0,
3339,32nd week,Maharashtra,Gadchiroli,Malaria,21,1.0,24,7,2016,19.75907035,80.16228073,0.9831762867,3.0,
3352,33rd week,Maharashtra,Beed,Dengue,34,1.0,15,8,2016,18.9918442,75.909784,0.1049036388,8.0,302.98
3369,33rd week,Maharashtra,Ahmednagar,Dengue,19,1.0,8,8,2016,19.1627725,74.8580243,1.502518227,7.0,300.32
3370,33rd week,Maharashtra,Jalna,Dengue,12,,7,8,2016,19.91883295,75.87085986,1.1719982,4.0,
3412,34th week,Maharashtra,Jalna,Dengue,7,1.0,15,8,2016,19.91883295,75.87085986,0.1013382559,7.0,303.7
3413,34th week,Maharashtra,Sangli,Dengue,9,,28,7,2016,17.1726928,74.58676543,0.9946768531,5.0,
3467,36th week,Maharashtra,Nagpur,Dengue,37,,7,9,2016,21.1498134,79.0820556,0.1495673348,13.0,303.86
3537,38th week,Maharashtra,Jalgaon,Dengue,60,1.0,10,9,2016,20.84288265,75.52612464,0.08151527761,14.0,301.152
3564,39th week,Maharashtra,Osmanabad,Dengue,18,,19,3,2016,18.16984395,76.11796321,0.0007361318031,2.0,322.028
3603,40th week,Maharashtra,Aurangabad,Dengue,39,,15,9,2016,19.877263,75.3390241,0.06488762857,4.0,305.72
3605,40th week,Maharashtra,Pune,Dengue,31,1.0,19,7,2016,18.521428,73.8544541,0.3972179572,,302.15000000000003
3606,40th week,Maharashtra,Satara,Dengue,22,,7,9,2016,17.63612885,74.29827808,0.05181965443,10.0,303.6
3611,40th week,Maharashtra,Sangli,Dengue,13,,3,8,2016,17.1726928,74.58676543,0.9991063172,,296.46
3628,41st week,Maharashtra,Jalgaon,Dengue,65,,20,9,2016,20.84288265,75.52612464,0.8467985339,,297.0
3704,47th week,Maharashtra,Ratnagiri,Dengue,40,,18,11,2016,17.2826079,73.4569787,0.02057572889,18.0,305.19
3720,48th week,Maharashtra,Nagpur,Dengue,6,,23,11,2016,21.1498134,79.0820556,4.12e-05,,303.9733334
3722,48th week,Maharashtra,Latur,Dengue,13,,31,10,2016,18.35159075,76.75542361,0.01018348899,,305.868
3760,2nd week,Maharashtra,Gadchiroli,Malaria,14,1.0,25,12,2014,19.75907035,80.16228073,5.02e-05,14.0,296.91200000000003
3800,9th week,Maharashtra,Chandrapur,Malaria,51,1.0,18,2,2015,20.0967555,79.50454752,0.001169453434,,307.072
3809,10th week,Maharashtra,Chandrapur,Dengue,6,1.0,24,11,2014,20.0967555,79.50454752,0.0024578931,,303.2
3810,10th week,Maharashtra,Chandrapur,Malaria,81,1.0,1,12,2014,20.0967555,79.50454752,3.1e-05,14.0,300.172
3811,10th week,Maharashtra,Satara,Malaria,74,1.0,9,12,2014,17.63612885,74.29827808,9.13e-05,8.0,306.26
3822,13th week,Maharashtra,Sangli,Dengue,15,,24,2,2015,17.1726928,74.58676543,6.17e-05,6.0,311.656
3847,16th week,Maharashtra,Satara,Dengue,8,,1,11,2014,17.63612885,74.29827808,0.1073499873,,306.5666666
3848,16th week,Maharashtra,Satara,Dengue,11,,2,9,2014,17.63612885,74.29827808,1.003676192,4.0,
3849,16th week,Maharashtra,Satara,Dengue,22,,24,10,2014,17.63612885,74.29827808,0.07130009105,,307.136
3864,18th week,Maharashtra,Gadchiroli,Dengue,44,,25,4,2015,19.75907035,80.16228073,0.008913779688,9.0,311.85
3886,19th week,Maharashtra,Ahmednagar,Dengue,11,1.0,27,4,2015,19.1627725,74.8580243,0.01545371461,4.0,318.75
3930,22nd week,Maharashtra,Nashik,Dengue,29,,24,5,2015,20.0112475,73.7902364,0.003372753075,,316.2766666
4041,27th week,Maharashtra,Kolhapur,Malaria,48,,26,6,2015,16.7028412,74.2405329,0.9542822088,,301.78000000000003
4094,29th week,Maharashtra,Gadchiroli,Malaria,37,1.0,9,7,2015,19.75907035,80.16228073,0.04433135715,18.0,303.36
4117,30th week,Maharashtra,Gadchiroli,Malaria,41,1.0,17,7,2015,19.75907035,80.16228073,0.3063071057,21.0,303.645
4184,32nd week,Maharashtra,Chandrapur,Dengue,70,,13,7,2015,20.0967555,79.50454752,0.2738675202,17.0,304.135
4185,32nd week,Maharashtra,Chandrapur,Dengue,87,,22,7,2015,20.0967555,79.50454752,0.3726414689,13.0,313.14
4186,32nd week,Maharashtra,Nagpur,Dengue,25,,27,7,2015,21.1498134,79.0820556,0.3560908714,,
4195,33rd week,Maharashtra,Nashik,Dengue,10,,8,8,2015,20.0112475,73.7902364,0.4870072432,5.0,297.36
4213,33rd week,Maharashtra,Gadchiroli,Malaria,68,2.0,17,7,2015,19.75907035,80.16228073,0.3063071057,21.0,303.645
4296,36th week,Maharashtra,Chandrapur,Malaria,88,1.0,14,8,2015,20.0967555,79.50454752,0.8316976807,15.0,302.54
4344,38th week,Maharashtra,Kolhapur,Malaria,14,,10,9,2015,16.7028412,74.2405329,0.4009048268,8.0,310.55333340000004
4345,38th week,Maharashtra,Wardha,Malaria,23,,15,9,2015,20.82562315,78.6131455,0.1814095377,19.0,305.468
4387,39th week,Maharashtra,Satara,Dengue,11,,27,8,2015,17.63612885,74.29827808,0.09065298531,4.0,306.88
4388,39th week,Maharashtra,Satara,Dengue,10,,28,8,2015,17.63612885,74.29827808,0.07630872588,,305.61333340000004
4440,41st week,Maharashtra,Nanded,Dengue,15,,16,9,2015,19.09400875,77.48319215,1.047197061,18.0,304.15000000000003
4441,41st week,Maharashtra,Nashik,Malaria,36,,22,9,2015,20.0112475,73.7902364,1.461111818,,297.3466666
4454,42nd week,Maharashtra,Nashik,Dengue,18,,7,10,2015,20.0112475,73.7902364,0.4181637434,,303.05
4524,47th week,Maharashtra,Gadchiroli,Malaria,15,1.0,11,11,2015,19.75907035,80.16228073,2.07e-05,19.0,302.27
4525,47th week,Maharashtra,Gadchiroli,Malaria,30,1.0,16,11,2015,19.75907035,80.16228073,7.15e-05,,301.384
4541,48th week,Maharashtra,Kolhapur,Malaria,11,,19,11,2015,16.7028412,74.2405329,7.44e-05,9.0,305.7
4569,50th week,Maharashtra,Gadchiroli,Malaria,195,1.0,5,12,2015,19.75907035,80.16228073,0.009911550213,13.0,302.456
4597,52nd week,Maharashtra,Kolhapur,Malaria,60,,19,12,2015,16.7028412,74.2405329,0.0004126996655,,305.736
4598,52nd week,Maharashtra,Nashik,Dengue,10,,17,12,2015,20.0112475,73.7902364,0.001370455503,10.0,304.628
4601,53rd week,Maharashtra,Kolhapur,Malaria,3,1.0,26,12,2015,16.7028412,74.2405329,0.0001279093498,,305.0433334
4672,16th week,Maharashtra,Dhule,Dengue,94,2.0,13,4,2014,21.13170235,74.48990147,0.006512855831,5.0,318.6466666
4673,16th week,Maharashtra,Dhule,Dengue,18,1.0,16,4,2014,21.13170235,74.48990147,0.0003070607409,5.0,320.93333340000004
4676,16th week,Maharashtra,Thane,Dengue,20,1.0,29,3,2014,19.1943294,72.9701779,6.47e-05,,315.53000000000003
4681,17th week,Maharashtra,Dhule,Dengue,14,,17,4,2014,21.13170235,74.48990147,0.0003582729767,5.0,321.36
4686,18th week,Maharashtra,Thane,Dengue,14,,20,4,2014,19.1943294,72.9701779,0.01034601794,9.0,315.49
4700,20th week,Maharashtra,Ahmednagar,Dengue,16,,14,5,2014,19.1627725,74.8580243,0.003028381786,4.0,319.06
4704,20th week,Maharashtra,Ahmednagar,Dengue,20,,25,4,2014,19.1627725,74.8580243,0.0348545065,5.0,315.9166666
4713,21st week,Maharashtra,Gondia,Malaria,8,1.0,26,5,2014,21.455228,80.1962729,0.01192711893,9.0,314.5
4719,22nd week,Maharashtra,Beed,Dengue,12,,29,5,2014,18.9918442,75.909784,0.0001244868257,3.0,319.45
4740,23rd week,Maharashtra,Jalna,Dengue,28,,31,5,2014,19.91883295,75.87085986,0.0006152937121,3.0,318.66
4741,23rd week,Maharashtra,Nashik,Dengue,24,,2,6,2014,20.0112475,73.7902364,0.1594878922,,312.3966666
4749,23rd week,Maharashtra,Amravati,Dengue,17,,16,5,2014,20.9521098,77.7333168,0.002279639878,,322.6266666
4750,23rd week,Maharashtra,Ahmednagar,Dengue,20,,25,4,2014,19.1627725,74.8580243,0.0348545065,5.0,315.9166666
4752,23rd week,Maharashtra,Bhandara,Dengue,31,,26,3,2014,21.12304765,79.79390882,0.0009984167211,7.0,312.03000000000003
4764,24th week,Maharashtra,Gadchiroli,Malaria,60,3.0,13,6,2014,19.75907035,80.16228073,0.0228762486,9.0,313.93333340000004
4798,26th week,Maharashtra,Beed,Dengue,21,,18,6,2014,18.9918442,75.909784,0.0501442662,,316.77500000000003
4807,26th week,Maharashtra,Gadchiroli,Malaria,11,1.0,16,6,2014,19.75907035,80.16228073,0.05543978912,9.0,316.4733334
4859,29th week,Maharashtra,Beed,Dengue,34,,17,7,2014,18.9918442,75.909784,0.4463907216,2.0,
4893,30th week,Maharashtra,Beed,Dengue,34,,17,7,2014,18.9918442,75.909784,0.4463907216,2.0,
4895,30th week,Maharashtra,Sangli,Dengue,7,,14,7,2014,17.1726928,74.58676543,0.6972850985,3.0,301.94
4896,30th week,Maharashtra,Sangli,Malaria,29,,16,7,2014,17.1726928,74.58676543,0.5561390554,3.0,301.94
4926,31st week,Maharashtra,Ahmednagar,Dengue,10,,12,7,2014,19.1627725,74.8580243,0.365054979,,313.56
4933,32nd week,Maharashtra,Osmanabad,Dengue,10,1.0,7,8,2014,18.16984395,76.11796321,0.4268564407,7.0,306.24
4956,33rd week,Maharashtra,Amravati,Dengue,25,1.0,7,8,2014,20.9521098,77.7333168,0.6478139446,6.0,
4958,33rd week,Maharashtra,Nashik,Dengue,10,,8,8,2014,20.0112475,73.7902364,1.012877882,4.0,296.42
4977,34th week,Maharashtra,Beed,Dengue,32,,16,8,2014,18.9918442,75.909784,0.1220243953,4.0,309.1466666
4979,34th week,Maharashtra,Jalgaon,Dengue,55,,9,8,2014,20.84288265,75.52612464,0.2843866535,8.0,298.58
5000,35th week,Maharashtra,Ahmednagar,Malaria,14,,22,8,2014,19.1627725,74.8580243,0.2078403457,7.0,304.35
5002,35th week,Maharashtra,Nanded,Dengue,124,,25,8,2014,19.09400875,77.48319215,0.2181573568,14.0,307.888
5016,35th week,Maharashtra,Nagpur,Dengue,36,,11,8,2014,21.1498134,79.0820556,0.4583644864,11.0,308.07
5028,36th week,Maharashtra,Akola,Dengue,101,1.0,1,9,2014,20.76181225,77.19211567,1.449853358,9.0,
5029,36th week,Maharashtra,Nashik,Dengue,26,,1,9,2014,20.0112475,73.7902364,3.080969198,5.0,
5030,36th week,Maharashtra,Nashik,Malaria,65,,15,8,2014,20.0112475,73.7902364,0.4786675808,8.0,300.6
5050,37th week,Maharashtra,Gadchiroli,Malaria,17,1.0,4,9,2014,19.75907035,80.16228073,1.129491128,14.0,301.24
5064,37th week,Maharashtra,Satara,Dengue,29,,12,8,2014,17.63612885,74.29827808,0.1562300671,,305.71
5074,38th week,Maharashtra,Washim,Dengue,28,1.0,14,9,2014,20.28741775,77.2369655,0.705854471,,296.78000000000003
5083,38th week,Maharashtra,Chandrapur,Dengue,203,,16,8,2014,20.0967555,79.50454752,0.07242927172,15.0,301.8666666
5084,38th week,Maharashtra,Jalna,Dengue,15,2.0,10,9,2014,19.91883295,75.87085986,1.510543968,10.0,301.87
5105,39th week,Maharashtra,Gadchiroli,Malaria,12,1.0,17,9,2014,19.75907035,80.16228073,0.5640343903,22.0,302.1
5114,40th week,Maharashtra,Amravati,Dengue,156,,26,9,2014,20.9521098,77.7333168,0.02353522183,22.0,302.8566666
5116,40th week,Maharashtra,Jalgaon,Dengue,25,,29,9,2014,20.84288265,75.52612464,0.004048963017,,305.05
5135,41st week,Maharashtra,Nagpur,Dengue,30,1.0,20,9,2014,21.1498134,79.0820556,0.05902523312,18.0,303.068
5139,42nd week,Maharashtra,Ahmednagar,Dengue,11,,8,10,2014,19.1627725,74.8580243,0.01178910545,,311.768
5142,42nd week,Maharashtra,Jalna,Dengue,20,1.0,6,10,2014,19.91883295,75.87085986,0.009091637421,13.0,310.4833334
5172,44th week,Maharashtra,Nagpur,Dengue,49,2.0,3,10,2014,21.1498134,79.0820556,0.000804808209,19.0,306.6533334
5173,44th week,Maharashtra,Nashik,Dengue,10,,9,10,2014,20.0112475,73.7902364,0.1019110467,19.0,304.5966666
5174,44th week,Maharashtra,Wardha,Dengue,18,2.0,28,8,2014,20.82562315,78.6131455,0.6756161029,,302.42
5185,45th week,Maharashtra,Dhule,Malaria,12,1.0,30,10,2014,21.13170235,74.48990147,0.001711687534,9.0,307.33
5186,45th week,Maharashtra,Gadchiroli,Malaria,70,,2,11,2014,19.75907035,80.16228073,0.017084173,23.0,300.476
5187,45th week,Maharashtra,Gadchiroli,Malaria,42,,6,11,2014,19.75907035,80.16228073,5.7e-05,23.0,301.2
5193,45th week,Maharashtra,Wardha,Dengue,51,2.0,3,9,2014,20.82562315,78.6131455,1.376183066,10.0,301.68
5200,46th week,Maharashtra,Nashik,Dengue,27,,5,11,2014,20.0112475,73.7902364,5.36e-05,9.0,306.46
5216,47th week,Maharashtra,Ahmednagar,Dengue,55,,12,11,2014,19.1627725,74.8580243,0.02581867873,7.0,308.332
5217,47th week,Maharashtra,Gadchiroli,Malaria,4,2.0,12,11,2014,19.75907035,80.16228073,0.1224022139,20.0,300.82
5222,47th week,Maharashtra,Bhandara,Dengue,77,7.0,15,8,2014,21.12304765,79.79390882,0.2221854029,13.0,304.5733334
5243,49th week,Maharashtra,Nagpur,Dengue,16,3.0,20,10,2014,21.1498134,79.0820556,0.05673374227,17.0,304.028
5244,49th week,Maharashtra,Nagpur,Dengue,22,1.0,9,11,2014,21.1498134,79.0820556,7.7e-05,,305.4066666
5249,50th week,Maharashtra,Ratnagiri,Dengue,46,,2,12,2014,17.2826079,73.4569787,0.0003383787763,,303.97
5254,50th week,Maharashtra,Amravati,Dengue,32,,24,11,2014,20.9521098,77.7333168,0.001515152045,,307.4233334
5271,1st week,Maharashtra,Ahmednagar,Dengue,12,,24,12,2012,19.1627725,74.8580243,5.97e-05,5.0,305.648
5293,5th week,Maharashtra,Satara,Dengue,18,,8,1,2013,17.63612885,74.29827808,0.0009115425988,,309.36333340000004
5318,10th week,Maharashtra,Kolhapur,Dengue,28,,2,3,2013,16.7028412,74.2405329,3.82e-05,6.0,311.09000000000003
5340,12th week,Maharashtra,Raigad,Dengue,27,,10,3,2013,18.4928092,73.13807095,4.03e-05,8.0,313.8
5348,13th week,Maharashtra,Beed,Dengue,23,,25,3,2013,18.9918442,75.909784,3.17e-05,3.0,321.1033334
5351,13th week,Maharashtra,Raigad,Dengue,22,,16,3,2013,18.4928092,73.13807095,0.0007016275189,8.0,311.75
5357,14th week,Maharashtra,Beed,Dengue,16,1.0,28,3,2013,18.9918442,75.909784,3.16e-05,3.0,321.704
5358,14th week,Maharashtra,Sangli,Dengue,20,,28,3,2013,17.1726928,74.58676543,0.0004285438886,5.0,313.90000000000003
5364,15th week,Maharashtra,Gadchiroli,Dengue,12,,4,4,2013,19.75907035,80.16228073,0.009566447066,7.0,313.96
5399,17th week,Maharashtra,Gondia,Dengue,22,,8,4,2013,21.455228,80.1962729,0.01984638338,7.0,315.512
5451,20th week,Maharashtra,Ahmednagar,Dengue,13,,23,4,2013,19.1627725,74.8580243,0.0005994831715,,320.8
5452,20th week,Maharashtra,Gadchiroli,Malaria,42,,4,4,2013,19.75907035,80.16228073,0.009566447066,7.0,313.96
5471,21st week,Maharashtra,Sangli,Dengue,14,,17,4,2013,17.1726928,74.58676543,0.003007406395,5.0,318.94
5488,22nd week,Maharashtra,Chandrapur,Dengue,110,,7,4,2013,20.0967555,79.50454752,0.04769793704,,314.0933334
5489,22nd week,Maharashtra,Kolhapur,Dengue,11,,19,5,2013,16.7028412,74.2405329,0.01053841209,6.0,312.255
5490,22nd week,Maharashtra,Raigad,Malaria,30,,14,5,2013,18.4928092,73.13807095,0.005519854204,8.0,312.7033334
5524,24th week,Maharashtra,Dhule,Dengue,35,1.0,13,6,2013,21.13170235,74.48990147,0.5264219424,3.0,309.2333334
5550,25th week,Maharashtra,Sangli,Dengue,38,1.0,8,6,2013,17.1726928,74.58676543,0.9695302847,5.0,310.43333340000004
5571,26th week,Maharashtra,Thane,Malaria,11,,26,6,2013,19.1943294,72.9701779,0.8130746753,,
5585,26th week,Maharashtra,Nashik,Malaria,25,,14,6,2013,20.0112475,73.7902364,0.6287406888,2.0,309.0933334
5630,28th week,Maharashtra,Raigad,Malaria,34,,8,7,2013,18.4928092,73.13807095,1.196330382,2.0,
5698,30th week,Maharashtra,Thane,Malaria,37,,17,7,2013,19.1943294,72.9701779,2.168992828,1.0,
5717,30th week,Maharashtra,Aurangabad,Dengue,21,,30,6,2013,19.877263,75.3390241,0.8336507839,3.0,
5718,30th week,Maharashtra,Beed,Dengue,24,,9,7,2013,18.9918442,75.909784,0.2396789167,2.0,290.88
5745,31st week,Maharashtra,Raigad,Dengue,50,,19,7,2013,18.4928092,73.13807095,2.505998961,,301.76
5778,32nd week,Maharashtra,Jalgaon,Dengue,31,,30,7,2013,20.84288265,75.52612464,1.050378125,7.0,
5779,32nd week,Maharashtra,Nagpur,Dengue,12,,17,7,2013,21.1498134,79.0820556,1.853925705,1.0,
5812,34th week,Maharashtra,Gadchiroli,Dengue,13,1.0,16,8,2013,19.75907035,80.16228073,0.8773654752,6.0,
5828,34th week,Maharashtra,Kolhapur,Dengue,17,,13,8,2013,16.7028412,74.2405329,0.1271391726,,302.82
5843,35th week,Maharashtra,Jalgaon,Dengue,104,,27,8,2013,20.84288265,75.52612464,1.691385161,7.0,284.86
5864,35th week,Maharashtra,Jalgaon,Dengue,28,,20,8,2013,20.84288265,75.52612464,0.1097119038,,300.1
5865,35th week,Maharashtra,Wardha,Malaria,70,,4,7,2013,20.82562315,78.6131455,0.9050800694,,
5942,38th week,Maharashtra,Gadchiroli,Malaria,12,1.0,17,9,2013,19.75907035,80.16228073,0.7090043756,14.0,302.12
5968,39th week,Maharashtra,Nashik,Dengue,16,,23,9,2013,20.0112475,73.7902364,1.12911524,8.0,297.95
5976,39th week,Maharashtra,Beed,Dengue,14,,17,9,2013,18.9918442,75.909784,0.7619521914,13.0,301.28000000000003
5986,40th week,Maharashtra,Nashik,Dengue,14,,27,9,2013,20.0112475,73.7902364,1.667842004,8.0,298.77
5987,40th week,Maharashtra,Nashik,Dengue,14,,26,9,2013,20.0112475,73.7902364,1.67262462,8.0,297.95
5997,40th week,Maharashtra,Ahmednagar,Dengue,27,,4,9,2013,19.1627725,74.8580243,0.04018903263,11.0,308.145
5999,40th week,Maharashtra,Wardha,Dengue,12,1.0,2,9,2013,20.82562315,78.6131455,0.2041113518,20.0,303.25
6024,41st week,Maharashtra,Ahmednagar,Dengue,17,,17,9,2013,19.1627725,74.8580243,1.019560666,12.0,302.872
6051,42nd week,Maharashtra,Ahmednagar,Dengue,18,,2,10,2013,19.1627725,74.8580243,0.178340962,14.0,303.856
6061,43rd week,Maharashtra,Beed,Dengue,10,,16,10,2013,18.9918442,75.909784,0.2564309264,,301.36400000000003
6062,43rd week,Maharashtra,Beed,Dengue,13,,18,10,2013,18.9918442,75.909784,0.1287272119,15.0,301.8766666
6124,45th week,Maharashtra,Ahmednagar,Dengue,22,,2,10,2013,19.1627725,74.8580243,0.178340962,14.0,303.856
6125,45th week,Maharashtra,Nashik,Dengue,10,,26,9,2013,20.0112475,73.7902364,1.67262462,8.0,297.95
6146,46th week,Maharashtra,Nandurbar,Malaria,22,,28,10,2013,21.51450155,74.54070115,0.01294733007,11.0,306.6
6156,47th week,Maharashtra,Ahmednagar,Dengue,37,,9,9,2013,19.1627725,74.8580243,0.05936781401,11.0,308.568
6157,47th week,Maharashtra,Ahmednagar,Dengue,42,1.0,24,10,2013,19.1627725,74.8580243,0.02859810192,,305.528
6158,47th week,Maharashtra,Chandrapur,Dengue,57,,1,10,2013,20.0967555,79.50454752,0.0773537682,22.0,302.668
6159,47th week,Maharashtra,Thane,Dengue,54,,22,10,2013,19.1943294,72.9701779,0.2187556603,24.0,302.07
6170,48th week,Maharashtra,Raigad,Dengue,60,,25,10,2013,18.4928092,73.13807095,0.0145674039,21.0,302.6966666
6171,48th week,Maharashtra,Thane,Dengue,52,,19,11,2013,19.1943294,72.9701779,5.58e-05,15.0,304.2866666
6177,49th week,Maharashtra,Ahmednagar,Dengue,15,1.0,21,11,2013,19.1627725,74.8580243,5.19e-05,9.0,306.0
6219,2nd week,Maharashtra,Pune,Dengue,17,,20,12,2011,18.521428,73.8544541,7.14e-05,9.0,302.40000000000003
6235,4th week,Maharashtra,Pune,Dengue,17,,20,12,2011,18.521428,73.8544541,7.14e-05,9.0,302.40000000000003
6290,12th week,Maharashtra,Sangli,Dengue,71,,6,3,2012,17.1726928,74.58676543,5.56e-05,4.0,314.5333334
6378,19th week,Maharashtra,Bhandara,Dengue,18,2.0,7,5,2012,21.12304765,79.79390882,0.003808100646,,320.99
6397,19th week,Maharashtra,Nashik,Dengue,16,,20,4,2012,20.0112475,73.7902364,0.00453315594,5.0,316.672
6415,20th week,Maharashtra,Raigad,Dengue,167,,8,5,2012,18.4928092,73.13807095,0.001290552815,,313.23
6416,20th week,Maharashtra,Solapur,Dengue,65,,6,4,2012,17.6912883,75.8841635,0.008667705151,,317.17
6418,20th week,Maharashtra,Chandrapur,Dengue,50,,2,5,2012,20.0967555,79.50454752,0.03155863317,5.0,317.76
6444,21st week,Maharashtra,Gadchiroli,Dengue,7,,13,5,2012,19.75907035,80.16228073,0.02881348535,8.0,317.976
6445,21st week,Maharashtra,Pune,Dengue,6,1.0,7,5,2012,18.521428,73.8544541,0.0004693079357,,317.368
6476,22nd week,Maharashtra,Raigad,Dengue,23,,19,5,2012,18.4928092,73.13807095,0.003096761523,9.0,313.7933334
6509,24th week,Maharashtra,Raigad,Dengue,29,,7,6,2012,18.4928092,73.13807095,0.06133107753,7.0,307.66
6567,26th week,Maharashtra,Raigad,Dengue,11,,20,6,2012,18.4928092,73.13807095,0.9525169582,7.0,305.4133334
6574,26th week,Maharashtra,Thane,Dengue,11,1.0,18,6,2012,19.1943294,72.9701779,0.8124726194,8.0,311.61333340000004
6593,27th week,Maharashtra,Ahmednagar,Malaria,159,,22,6,2012,19.1627725,74.8580243,0.3336660041,3.0,310.492
6594,27th week,Maharashtra,Bhandara,Dengue,69,2.0,28,5,2012,21.12304765,79.79390882,5.48e-05,3.0,321.85
6791,34th week,Maharashtra,Raigad,Malaria,49,,31,7,2012,18.4928092,73.13807095,1.476298942,3.0,291.98
6842,37th week,Maharashtra,Jalgaon,Dengue,130,,29,8,2012,20.84288265,75.52612464,0.5614365342,9.0,304.66
6845,37th week,Maharashtra,Kolhapur,Dengue,20,,16,7,2012,16.7028412,74.2405329,0.2606492405,5.0,307.55
6849,37th week,Maharashtra,Thane,Malaria,87,,3,7,2012,19.1943294,72.9701779,0.5089628613,,303.14
6865,38th week,Maharashtra,Beed,Dengue,32,,14,9,2012,18.9918442,75.909784,0.2390057587,7.0,306.98
6890,39th week,Maharashtra,Osmanabad,Dengue,35,,10,9,2012,18.16984395,76.11796321,0.3708471616,7.0,301.8333334
6920,41st week,Maharashtra,Beed,Dengue,15,,29,9,2012,18.9918442,75.909784,0.07518227519,,306.6366666
6922,41st week,Maharashtra,Jalgaon,Dengue,32,,1,10,2012,20.84288265,75.52612464,0.03038933806,15.0,304.0933334
6925,41st week,Maharashtra,Ahmednagar,Dengue,283,,22,9,2012,19.1627725,74.8580243,0.3565896413,10.0,304.884
6928,42nd week,Maharashtra,Aurangabad,Dengue,63,1.0,12,10,2012,19.877263,75.3390241,0.09692533263,14.0,305.7333334
6929,42nd week,Maharashtra,Dhule,Dengue,10,,12,10,2012,21.13170235,74.48990147,0.02264765343,14.0,307.492
6933,42nd week,Maharashtra,Ahmednagar,Dengue,37,,21,9,2012,19.1627725,74.8580243,0.2206165836,,304.22
6934,42nd week,Maharashtra,Thane,Dengue,18,,10,8,2012,19.1943294,72.9701779,1.187703623,3.0,
6947,44th week,Maharashtra,Beed,Dengue,33,,22,10,2012,18.9918442,75.909784,0.02021514221,,312.15000000000003
6948,44th week,Maharashtra,Beed,Dengue,14,1.0,25,10,2012,18.9918442,75.909784,0.06779953158,10.0,309.65000000000003
6950,44th week,Maharashtra,Dhule,Dengue,31,,29,10,2012,21.13170235,74.48990147,0.005982850584,10.0,310.3
6962,45th week,Maharashtra,Dhule,Dengue,23,,5,11,2012,21.13170235,74.48990147,0.0001290114255,7.0,306.4033334
6963,45th week,Maharashtra,Thane,Dengue,25,1.0,6,11,2012,19.1943294,72.9701779,0.003189072117,17.0,301.5266666
6965,45th week,Maharashtra,Ratnagiri,Dengue,30,,24,10,2012,17.2826079,73.4569787,0.04375049579,27.0,303.204
6973,46th week,Maharashtra,Beed,Dengue,10,,12,11,2012,18.9918442,75.909784,0.007585506742,8.0,308.0466666
6976,46th week,Maharashtra,Aurangabad,Dengue,22,,21,10,2012,19.877263,75.3390241,6.86e-05,11.0,309.136
6977,46th week,Maharashtra,Beed,Dengue,10,,3,11,2012,18.9918442,75.909784,0.1587861116,7.0,307.948
6985,47th week,Maharashtra,Nashik,Dengue,20,,8,11,2012,20.0112475,73.7902364,0.0002178314227,,305.06333340000003
6994,48th week,Maharashtra,Kolhapur,Dengue,41,,12,11,2012,16.7028412,74.2405329,0.0394037879,10.0,305.42
7005,49th week,Maharashtra,Ahmednagar,Dengue,11,,26,11,2012,19.1627725,74.8580243,0.0005671242033,6.0,306.5433334
7006,49th week,Maharashtra,Dhule,Dengue,26,,26,11,2012,21.13170235,74.48990147,2.4e-05,6.0,308.06
7007,49th week,Maharashtra,Osmanabad,Dengue,16,1.0,22,10,2012,18.16984395,76.11796321,0.1760734899,,311.41
7008,49th week,Maharashtra,Ratnagiri,Dengue,21,,22,11,2012,17.2826079,73.4569787,5.62e-05,17.0,304.49333340000004
7016,50th week,Maharashtra,Nashik,Dengue,22,1.0,10,12,2012,20.0112475,73.7902364,0.0508465061,,303.9566666
7020,50th week,Maharashtra,Amravati,Dengue,87,1.0,15,11,2012,20.9521098,77.7333168,6.51e-05,,306.812
7021,50th week,Maharashtra,Thane,Malaria,9,1.0,14,10,2012,19.1943294,72.9701779,0.1001718731,,302.688
7022,50th week,Maharashtra,Thane,Malaria,10,1.0,13,9,2012,19.1943294,72.9701779,0.9996545403,,298.085
7029,51st week,Maharashtra,Dhule,Dengue,12,,17,12,2012,21.13170235,74.48990147,6.8e-05,,307.344
7030,51st week,Maharashtra,Thane,Dengue,10,1.0,1,10,2012,19.1943294,72.9701779,0.254787485,25.0,301.89
7119,10th week,Maharashtra,Sindhudurg,Dengue,10,0.0,23,2,2011,16.1357193,73.6522086,5.16e-05,15.0,304.5666666
7179,16th week,Maharashtra,Nashik,Malaria,61,1.0,17,4,2011,20.0112475,73.7902364,0.006124711444,5.0,315.97200000000004
7245,20th week,Maharashtra,Ahmednagar,Malaria,30,0.0,20,5,2011,19.1627725,74.8580243,0.03103257406,4.0,316.67
7251,20th week,Maharashtra,Thane,Malaria,20,0.0,2,5,2011,19.1943294,72.9701779,0.01414423926,8.0,314.788
7257,20th week,Maharashtra,Sindhudurg,Dengue,5,0.0,10,5,2011,16.1357193,73.6522086,0.03387456061,17.0,309.056
7265,21st week,Maharashtra,Thane,Malaria,17,0.0,28,5,2011,19.1943294,72.9701779,0.08811730195,9.0,313.812
7433,28th week,Maharashtra,Ratnagiri,Malaria,50,0.0,13,7,2011,17.2826079,73.4569787,1.874268349,5.0,298.6666666
7478,29th week,Maharashtra,Thane,Dengue,32,0.0,6,7,2011,19.1943294,72.9701779,0.3124026777,8.0,299.08
7479,29th week,Maharashtra,Thane,Dengue,11,0.0,4,7,2011,19.1943294,72.9701779,0.4675601562,,300.62
7501,30th week,Maharashtra,Akola,Malaria,41,0.0,27,7,2011,20.76181225,77.19211567,0.5208832049,,309.8
7539,31st week,Maharashtra,Nashik,Dengue,2,1.0,26,7,2011,20.0112475,73.7902364,0.5663983237,4.0,277.14
7558,32nd week,Maharashtra,Jalna,Malaria,14,1.0,6,8,2011,19.91883295,75.87085986,0.4952336925,7.0,
7597,33rd week,Maharashtra,Jalgaon,Malaria,11,0.0,22,7,2011,20.84288265,75.52612464,0.5249020534,4.0,
7674,36th week,Maharashtra,Jalna,Dengue,20,0.0,3,9,2011,19.91883295,75.87085986,0.8533028042,8.0,
7731,38th week,Maharashtra,Pune,Dengue,11,1.0,27,8,2011,18.521428,73.8544541,0.6595170596,7.0,296.92
7764,39th week,Maharashtra,Pune,Dengue,11,1.0,27,8,2011,18.521428,73.8544541,0.6595170596,7.0,296.92
7882,45th week,Maharashtra,Beed,Dengue,19,1.0,13,10,2011,18.9918442,75.909784,0.1481267175,17.0,307.365
7900,46th week,Maharashtra,Ahmednagar,Dengue,10,0.0,4,11,2011,19.1627725,74.8580243,0.001616428911,9.0,306.872
7910,47th week,Maharashtra,Gadchiroli,Malaria,40,1.0,22,11,2011,19.75907035,80.16228073,9.14e-05,18.0,302.78000000000003
7952,50th week,Maharashtra,Raigad,Dengue,47,1.0,7,12,2011,18.4928092,73.13807095,8.4e-05,14.0,305.5233334
7954,50th week,Maharashtra,Nashik,Dengue,6,1.0,9,12,2011,20.0112475,73.7902364,4.46e-05,8.0,306.06333340000003
7961,50th week,Maharashtra,Ahmednagar,Dengue,9,0.0,23,11,2011,19.1627725,74.8580243,8.71e-05,8.0,308.1666666
7963,50th week,Maharashtra,Thane,Malaria,124,0.0,16,11,2011,19.1943294,72.9701779,2.74e-05,,305.0333334
7987,4th week,Maharashtra,Beed,Dengue,90,,13,1,2010,18.9918442,75.909784,0.07696288843,7.0,303.1733334
7997,7th week,Maharashtra,Dhule,Malaria,24,,6,2,2010,21.13170235,74.48990147,0.008374208036,4.0,305.48
8046,16th week,Maharashtra,Beed,Dengue,22,,13,4,2010,18.9918442,75.909784,0.002298408724,4.0,318.728
8260,27th week,Maharashtra,Nashik,Malaria,24,,29,6,2010,20.0112475,73.7902364,0.3902859478,7.0,306.84000000000003
8528,41st week,Maharashtra,Solapur,Malaria,21,,30,9,2010,17.84990665,75.27632027,0.4142228389,,303.9266666
8553,43rd week,Maharashtra,Dhule,Malaria,53,1.0,9,10,2010,21.13170235,74.48990147,0.02104113884,11.0,308.144
8601,47th week,Maharashtra,Dhule,Malaria,13,,8,11,2010,21.13170235,74.48990147,0.009188413196,,306.22
8854,38th week,Maharashtra,Nashik,Malaria,34,1.0,12,9,2009,20.0112475,73.7902364,0.2447636287,15.0,300.7866666
8855,38th week,Maharashtra,Nashik,Dengue,57,0.0,15,9,2009,20.0112475,73.7902364,0.3437777824,21.0,301.06
8860,38th week,Maharashtra,Nashik,Dengue,39,0.0,31,8,2009,20.0112475,73.7902364,0.4474799293,6.0,295.82
8964,50th week,Maharashtra,Ratnagiri,Malaria,20,2.0,9,12,2009,17.2826079,73.4569787,6.93e-05,14.0,301.868
1,2nd week,Maharashtra,Mumbai,Malaria,0,0.0,10,1,2022,19.75907035,80.16228073,0.007479298714,9.0,299.97
1,2nd week,Maharashtra,Mumbai Suburban,Malaria,0,0.0,10,1,2022,19.75907035,80.16228073,0.007479298714,9.0,299.97
1,2nd week,Maharashtra,Yavatmal,Malaria,0,0.0,10,1,2022,19.75907035,80.16228073,0.007479298714,9.0,299.97
